StudentID,Extracurricular,Sports,Music,Volunteering,ParentalSupport,Tutoring,Absences
1001,0,0,1,0,2,1,Few
1002,0,0,0,0,1,0,Very Few
1003,0,0,0,0,2,0,Very Many
1004,1,0,0,0,3,0,Moderate
1005,0,0,0,0,3,1,Many
1006,1,0,0,0,1,0,Very Few
1007,0,1,0,0,3,0,Moderate
1008,1,0,0,0,1,1,Very Many
1009,0,1,0,1,2,0,Very Few
1010,1,0,0,0,3,0,Very Few
1011,0,0,0,0,1,0,Moderate
1012,0,0,0,1,2,0,Many
1013,1,0,0,0,3,0,Very Many
1014,0,1,0,0,4,0,Very Many
1015,0,0,0,0,2,1,Few
1016,0,1,0,0,0,1,Many
1017,1,1,0,0,2,0,Moderate
1018,0,0,0,0,2,1,Many
1019,1,0,0,1,2,0,Very Many
1020,0,0,1,0,2,0,Few
1021,0,0,0,1,3,0,Very Few
1022,1,0,0,0,1,0,Very Many
1023,0,0,0,0,1,1,Very Many
1024,1,0,0,0,2,0,Very Many
1025,0,0,0,0,2,0,Many
1026,0,0,1,0,4,0,Few
1027,0,1,0,0,2,0,Very Few
1028,0,0,1,0,3,0,Few
1029,1,0,0,0,3,0,Moderate
1030,1,0,0,0,3,0,Very Many
1031,0,1,0,0,0,1,Moderate
1032,0,0,0,1,4,0,Many
1033,0,1,0,0,1,0,Very Many
1034,1,1,0,0,0,0,Very Many
1035,1,1,0,0,2,1,Very Many
1036,0,0,0,0,1,0,Very Many
1037,0,0,0,0,1,1,Very Many
1038,0,1,0,0,1,1,Very Many
1039,1,1,0,0,1,1,Very Few
1040,1,1,0,0,3,1,Very Many
1041,0,0,0,0,1,1,Very Many
1042,0,0,0,0,2,0,Few
1043,0,0,0,0,4,1,Moderate
1044,0,1,0,0,2,0,Few
1045,1,1,0,0,3,1,Very Few
1046,0,0,1,0,4,0,Few
1047,1,0,0,0,1,0,Few
1048,0,0,0,0,2,0,Many
1049,0,0,1,0,3,0,Many
1050,1,0,0,0,4,0,Many
1051,0,0,0,0,3,0,Few
1052,1,0,1,0,1,1,Moderate
1053,0,0,1,0,4,0,Very Many
1054,0,1,0,0,1,0,Moderate
1055,1,1,0,0,2,1,Very Many
1056,0,1,0,0,2,0,Very Many
1057,0,1,1,0,2,0,Very Many
1058,1,0,0,0,3,0,Very Many
1059,0,1,0,0,3,1,Few
1060,0,1,0,0,3,0,Very Many
1061,1,0,1,0,0,0,Moderate
1062,0,0,1,0,2,0,Moderate
1063,0,1,0,0,3,0,Moderate
1064,0,1,0,0,2,0,Few
1065,0,0,0,0,4,1,Very Few
1066,1,0,0,0,3,1,Few
1067,0,1,0,0,3,0,Very Many
1068,0,1,0,0,0,0,Very Many
1069,0,0,1,0,3,1,Very Many
1070,0,0,1,0,4,0,Very Few
1071,1,0,0,0,2,0,Few
1072,0,0,1,1,3,0,Very Many
1073,1,1,0,0,2,0,Few
1074,0,0,0,0,2,1,Very Few
1075,1,0,1,0,3,0,Moderate
1076,0,1,0,0,3,0,Many
1077,0,0,0,0,3,0,Very Few
1078,1,1,0,0,1,1,Many
1079,0,0,0,0,1,0,Many
1080,0,1,0,0,3,0,Very Many
1081,0,1,0,0,1,0,Few
1082,0,0,0,0,2,0,Very Many
1083,1,1,0,0,0,0,Few
1084,0,1,0,0,1,0,Many
1085,1,1,0,0,3,0,Moderate
1086,0,0,0,0,3,0,Very Many
1087,1,0,1,1,1,1,Very Many
1088,0,0,1,0,1,0,Very Many
1089,1,0,1,0,0,0,Very Many
1090,0,0,1,1,2,0,Moderate
1091,0,0,0,1,1,0,Very Many
1092,1,1,0,0,2,0,Very Few
1093,0,0,0,0,3,1,Very Few
1094,0,1,0,0,3,1,Many
1095,1,1,0,0,1,0,Very Few
1096,0,0,0,1,3,0,Very Many
1097,0,0,1,0,4,0,Very Many
1098,0,1,0,0,2,0,Few
1099,1,0,1,1,2,0,Very Many
1100,0,0,0,0,2,0,Very Many
1101,1,1,0,1,1,1,Very Many
1102,1,0,1,1,3,0,Few
1103,1,1,0,0,3,0,Very Many
1104,0,1,0,0,2,1,Very Many
1105,1,0,0,0,3,0,Very Many
1106,0,1,1,1,3,0,Moderate
1107,1,0,0,1,0,0,Many
1108,0,1,0,0,1,0,Many
1109,1,1,0,0,3,1,Very Many
1110,0,0,0,0,4,1,Moderate
1111,0,0,0,0,3,1,Very Few
1112,0,0,1,0,4,1,Very Few
1113,0,0,0,0,2,0,Very Few
1114,0,1,1,0,1,1,Many
1115,0,0,0,0,2,1,Moderate
1116,0,0,0,1,0,0,Many
1117,1,0,1,0,3,0,Very Many
1118,0,0,0,0,4,0,Many
1119,0,1,0,0,3,0,Very Many
1120,1,0,1,1,2,0,Very Few
1121,1,1,0,0,1,1,Moderate
1122,0,1,1,0,1,1,Few
1123,0,0,0,0,2,0,Many
1124,0,0,0,0,3,0,Very Few
1125,1,0,1,0,2,1,Very Few
1126,1,0,0,0,4,0,Moderate
1127,1,0,0,0,3,0,Very Few
1128,0,1,0,0,1,1,Moderate
1129,1,1,0,0,1,1,Moderate
1130,0,0,0,0,3,1,Very Many
1131,0,0,0,0,1,0,Few
1132,0,0,0,0,3,0,Very Few
1133,0,1,0,0,2,1,Very Few
1134,1,0,0,0,1,0,Very Few
1135,1,0,0,0,2,1,Few
1136,1,0,0,0,2,0,Moderate
1137,0,1,0,0,3,0,Few
1138,1,0,1,1,0,0,Many
1139,1,0,0,0,3,0,Few
1140,0,0,0,0,3,1,Many
1141,1,0,0,0,3,0,Very Few
1142,1,1,0,0,0,1,Very Many
1143,0,0,0,0,3,1,Very Many
1144,1,0,1,0,2,0,Many
1145,1,1,0,0,2,1,Few
1146,1,0,0,0,3,0,Few
1147,1,0,0,1,2,1,Very Few
1148,0,1,0,0,3,0,Moderate
1149,1,1,0,1,1,0,Very Many
1150,1,0,0,0,3,0,Few
1151,0,1,1,0,1,0,Very Few
1152,0,1,0,0,3,1,Very Many
1153,1,0,0,1,4,0,Very Many
1154,0,0,0,0,2,0,Very Many
1155,1,0,0,0,2,0,Very Few
1156,1,1,0,0,3,1,Many
1157,0,1,1,1,0,0,Very Many
1158,0,0,0,0,2,0,Few
1159,0,0,0,0,2,0,Very Many
1160,0,0,0,1,3,0,Very Many
1161,1,0,0,1,3,1,Very Few
1162,0,0,0,0,3,1,Very Many
1163,0,0,1,1,3,1,Very Few
1164,1,0,0,0,3,0,Few
1165,1,0,0,0,2,1,Moderate
1166,0,1,0,0,2,0,Moderate
1167,1,1,0,0,2,1,Many
1168,0,1,0,0,4,0,Few
1169,1,0,0,0,3,0,Moderate
1170,0,1,0,0,2,0,Very Many
1171,0,1,0,0,3,0,Very Many
1172,1,0,0,1,2,0,Very Many
1173,0,0,0,0,3,1,Moderate
1174,0,1,0,0,2,0,Few
1175,1,0,0,0,1,1,Very Many
1176,1,0,0,0,3,0,Very Many
1177,0,0,0,0,3,0,Few
1178,1,0,1,0,2,1,Very Many
1179,1,0,0,0,2,0,Very Few
1180,1,0,0,1,3,0,Very Few
1181,0,0,0,0,3,1,Few
1182,1,0,0,0,3,0,Very Many
1183,1,1,0,0,2,0,Few
1184,1,1,0,0,4,1,Few
1185,0,0,0,0,3,0,Very Few
1186,1,0,0,0,3,1,Very Many
1187,0,0,0,0,3,0,Very Few
1188,1,0,0,0,1,0,Few
1189,1,1,0,0,0,0,Very Many
1190,0,0,0,0,3,1,Very Many
1191,0,0,0,1,2,0,Many
1192,0,0,0,0,3,1,Moderate
1193,1,0,0,0,2,0,Few
1194,0,0,0,0,2,0,Moderate
1195,1,0,1,0,1,1,Moderate
1196,1,1,0,0,3,0,Very Many
1197,1,0,0,1,1,0,Very Few
1198,1,0,1,0,3,0,Very Many
1199,0,0,0,0,2,0,Very Many
1200,1,0,0,0,3,0,Very Many
1201,0,0,1,0,1,0,Many
1202,0,0,0,0,1,0,Many
1203,0,1,0,1,3,0,Few
1204,1,0,0,0,2,0,Moderate
1205,1,0,0,0,1,0,Many
1206,0,0,0,0,4,1,Moderate
1207,1,0,0,0,1,1,Very Many
1208,1,0,0,0,2,0,Very Many
1209,0,0,0,0,1,0,Very Many
1210,1,0,1,1,2,1,Very Many
1211,0,0,1,0,2,0,Very Few
1212,0,0,1,1,1,0,Very Many
1213,1,0,0,0,3,0,Very Few
1214,0,0,0,0,2,1,Moderate
1215,0,0,0,0,3,0,Moderate
1216,1,0,0,0,1,1,Very Many
1217,1,0,0,0,2,1,Very Many
1218,1,0,1,0,0,0,Few
1219,0,0,0,0,3,1,Many
1220,0,0,0,0,3,0,Many
1221,1,1,0,1,3,0,Very Many
1222,0,1,0,1,2,0,Moderate
1223,0,0,1,0,3,0,Many
1224,0,0,0,0,3,0,Very Few
1225,1,0,0,0,0,0,Very Many
1226,0,0,1,0,1,0,Moderate
1227,0,0,0,0,2,0,Many
1228,0,1,0,0,3,0,Very Many
1229,0,0,0,0,0,1,Moderate
1230,0,1,0,0,3,0,Very Few
1231,0,0,0,0,2,0,Very Many
1232,0,0,0,0,2,0,Very Many
1233,0,1,0,1,1,0,Many
1234,0,1,0,1,2,0,Moderate
1235,0,1,0,0,0,0,Moderate
1236,0,1,0,0,0,0,Very Few
1237,0,0,1,0,3,0,Very Few
1238,0,0,1,0,2,1,Very Many
1239,0,0,0,0,2,1,Very Many
1240,1,0,1,0,1,0,Many
1241,0,1,0,0,2,1,Very Few
1242,1,1,0,0,0,0,Moderate
1243,0,1,0,0,2,0,Very Few
1244,0,0,0,0,2,1,Moderate
1245,1,0,0,0,2,0,Moderate
1246,0,1,0,0,4,0,Many
1247,0,0,0,0,2,0,Moderate
1248,1,0,0,0,2,0,Very Many
1249,0,1,0,0,2,0,Very Many
1250,0,0,1,0,1,0,Very Few
1251,0,1,0,0,3,0,Many
1252,1,0,0,0,2,0,Few
1253,1,0,0,0,1,1,Very Few
1254,0,0,0,1,3,0,Very Few
1255,0,0,0,0,0,1,Many
1256,1,0,0,1,4,0,Moderate
1257,0,0,0,0,3,1,Very Few
1258,0,1,1,0,2,1,Few
1259,1,1,0,0,1,0,Moderate
1260,0,0,0,0,1,0,Very Few
1261,1,0,0,0,1,0,Few
1262,1,0,0,0,1,1,Very Many
1263,1,1,0,1,2,0,Many
1264,0,0,1,1,4,0,Many
1265,0,0,0,0,2,0,Very Many
1266,0,0,0,0,3,1,Moderate
1267,0,0,0,0,3,0,Very Many
1268,0,0,0,0,3,0,Very Many
1269,0,1,1,1,0,0,Moderate
1270,0,1,0,0,2,1,Very Many
1271,0,0,0,0,3,0,Many
1272,0,0,0,1,3,0,Moderate
1273,0,0,0,0,4,0,Moderate
1274,0,0,0,1,3,0,Many
1275,0,0,0,0,1,1,Moderate
1276,1,0,0,1,2,0,Few
1277,1,1,0,0,0,0,Very Many
1278,0,0,0,0,3,1,Very Many
1279,0,0,0,0,2,1,Moderate
1280,0,0,0,0,3,0,Many
1281,0,0,0,1,4,0,Very Many
1282,0,0,1,0,3,1,Few
1283,1,0,0,1,2,0,Many
1284,0,0,0,0,1,1,Few
1285,1,1,1,0,3,1,Few
1286,0,0,0,0,1,0,Very Many
1287,0,0,0,0,1,1,Moderate
1288,0,0,0,0,1,0,Many
1289,1,0,0,0,2,0,Very Few
1290,0,0,0,0,1,0,Few
1291,0,1,1,0,4,1,Very Many
1292,1,0,0,0,4,0,Many
1293,0,0,1,0,4,0,Very Few
1294,0,0,0,1,0,1,Few
1295,0,0,0,0,4,0,Very Few
1296,0,0,1,0,4,0,Very Many
1297,0,1,0,0,4,1,Moderate
1298,0,0,0,0,3,1,Moderate
1299,0,1,0,0,3,1,Moderate
1300,0,0,0,0,1,1,Moderate
1301,1,0,0,0,3,0,Very Many
1302,1,0,0,0,0,0,Few
1303,0,0,0,0,2,0,Many
1304,0,0,0,0,4,0,Many
1305,0,1,1,0,2,0,Very Few
1306,0,0,0,0,1,1,Few
1307,0,0,0,0,4,0,Moderate
1308,0,1,0,1,4,0,Very Few
1309,1,0,0,0,1,0,Very Many
1310,0,1,0,0,3,0,Very Many
1311,1,0,0,0,2,0,Very Many
1312,0,0,1,1,2,0,Few
1313,0,0,0,0,1,0,Very Many
1314,0,0,0,0,0,0,Very Many
1315,0,1,0,0,1,1,Few
1316,0,1,0,0,0,1,Many
1317,0,0,0,0,4,0,Very Many
1318,1,0,0,0,3,1,Very Few
1319,0,0,1,0,3,0,Moderate
1320,0,0,0,0,3,0,Moderate
1321,1,0,0,0,1,0,Very Few
1322,1,0,0,0,4,0,Moderate
1323,1,1,0,0,3,1,Very Many
1324,0,0,0,0,2,0,Very Few
1325,0,1,0,0,1,1,Few
1326,0,0,0,0,3,0,Many
1327,0,1,0,0,3,0,Many
1328,0,0,0,0,3,1,Many
1329,0,0,0,0,0,0,Very Many
1330,1,1,0,0,1,0,Moderate
1331,1,1,1,0,2,0,Very Few
1332,0,1,0,0,3,0,Few
1333,0,0,0,0,0,0,Very Few
1334,0,1,0,1,2,0,Very Many
1335,0,0,0,0,2,0,Few
1336,0,0,0,0,3,0,Few
1337,1,0,0,0,2,0,Very Few
1338,0,1,0,0,2,0,Moderate
1339,0,0,0,0,3,0,Moderate
1340,0,0,0,1,4,0,Very Many
1341,1,0,0,0,1,0,Very Many
1342,1,0,1,0,1,0,Many
1343,1,0,1,0,4,0,Few
1344,0,0,0,0,2,0,Very Many
1345,0,0,0,1,3,0,Moderate
1346,0,0,0,0,3,0,Moderate
1347,0,1,1,0,1,0,Few
1348,1,0,1,0,3,0,Few
1349,0,0,0,0,3,0,Moderate
1350,0,0,0,0,2,0,Very Few
1351,0,0,1,0,0,0,Many
1352,0,0,0,0,4,0,Very Few
1353,0,1,0,0,2,0,Very Few
1354,0,0,0,0,3,1,Very Few
1355,0,0,0,0,3,0,Very Many
1356,0,0,0,0,2,1,Moderate
1357,1,1,0,0,3,1,Very Few
1358,0,1,0,0,4,0,Very Few
1359,0,0,1,0,2,0,Few
1360,0,0,0,0,2,0,Moderate
1361,1,0,0,0,4,0,Many
1362,1,0,0,1,1,0,Few
1363,0,0,0,0,0,1,Very Many
1364,0,0,1,0,4,1,Very Few
1365,1,0,1,0,3,0,Many
1366,1,1,0,1,4,0,Many
1367,0,0,0,0,0,0,Few
1368,0,1,0,0,1,1,Very Many
1369,0,0,0,0,1,1,Very Many
1370,1,0,0,1,3,1,Few
1371,0,0,0,0,3,0,Very Many
1372,0,0,1,0,2,0,Very Many
1373,0,0,0,0,0,0,Few
1374,0,0,0,1,3,0,Moderate
1375,1,0,0,0,2,1,Very Many
1376,1,0,0,0,1,1,Few
1377,0,1,0,0,4,0,Moderate
1378,1,0,0,0,1,0,Very Few
1379,0,0,1,0,3,0,Moderate
1380,1,0,0,0,3,1,Moderate
1381,1,1,0,1,2,0,Few
1382,1,0,0,0,1,0,Very Many
1383,1,0,0,1,2,0,Few
1384,0,0,0,0,3,0,Very Many
1385,1,0,0,0,1,1,Many
1386,0,0,0,0,3,0,Few
1387,0,0,0,0,4,0,Very Few
1388,0,0,1,0,4,0,Few
1389,0,0,0,0,2,0,Many
1390,1,0,0,1,3,0,Many
1391,0,0,0,0,4,0,Moderate
1392,1,0,0,0,2,0,Very Few
1393,1,0,0,0,1,1,Very Many
1394,1,1,0,0,1,0,Very Many
1395,0,0,0,0,1,0,Very Many
1396,0,0,1,0,3,0,Very Many
1397,0,0,0,0,2,0,Many
1398,0,0,0,0,3,0,Few
1399,1,0,0,1,3,1,Many
1400,1,1,0,0,3,0,Few
1401,0,0,0,1,3,0,Moderate
1402,1,0,1,0,0,0,Few
1403,0,1,0,0,3,0,Very Many
1404,0,0,0,0,2,0,Very Many
1405,0,1,0,0,2,0,Very Many
1406,0,0,0,0,0,0,Very Many
1407,1,0,0,0,4,0,Very Few
1408,1,0,0,0,4,0,Many
1409,1,0,0,0,2,0,Very Few
1410,0,1,0,0,2,0,Moderate
1411,0,1,0,0,3,0,Few
1412,0,0,0,0,1,0,Very Many
1413,1,1,1,0,1,1,Many
1414,0,0,0,0,3,0,Moderate
1415,0,1,0,0,1,0,Very Many
1416,1,1,0,0,2,0,Very Many
1417,1,0,0,0,2,1,Many
1418,1,0,0,0,2,1,Many
1419,1,1,0,0,1,0,Few
1420,0,0,0,0,2,0,Very Few
1421,0,1,0,0,2,1,Very Many
1422,0,0,1,0,2,0,Very Many
1423,0,0,0,0,3,0,Few
1424,0,0,1,0,4,1,Very Few
1425,0,0,0,0,1,0,Many
1426,1,0,0,1,3,0,Very Many
1427,0,0,1,0,1,1,Few
1428,0,0,0,1,2,0,Many
1429,1,1,0,0,2,0,Moderate
1430,0,0,0,0,2,0,Very Few
1431,1,1,0,0,3,0,Moderate
1432,1,0,0,0,2,0,Few
1433,1,0,0,0,2,0,Very Many
1434,0,1,1,0,3,0,Many
1435,1,0,0,0,1,1,Few
1436,0,1,0,0,1,0,Very Many
1437,1,0,0,0,0,1,Very Few
1438,0,0,0,0,1,1,Very Many
1439,0,1,0,0,2,0,Very Many
1440,1,0,1,0,2,0,Very Few
1441,0,0,0,1,1,1,Very Few
1442,1,0,0,1,0,0,Very Few
1443,0,1,1,1,3,0,Very Few
1444,1,1,1,0,3,0,Moderate
1445,1,0,0,0,4,1,Few
1446,0,1,0,0,4,0,Very Many
1447,0,1,0,1,4,0,Very Many
1448,1,1,1,1,3,0,Very Few
1449,1,0,0,0,3,1,Many
1450,0,0,0,0,1,0,Moderate
1451,1,1,0,1,3,0,Very Many
1452,0,0,0,0,0,0,Very Few
1453,0,1,1,0,3,0,Very Many
1454,0,0,0,1,2,0,Few
1455,1,0,1,0,3,0,Very Few
1456,1,1,0,1,0,0,Very Many
1457,0,1,1,0,2,1,Few
1458,0,0,0,0,2,0,Few
1459,1,0,0,0,1,0,Moderate
1460,0,1,1,0,2,1,Very Few
1461,1,1,0,0,0,0,Many
1462,0,0,0,1,2,0,Moderate
1463,0,0,0,1,2,1,Very Many
1464,0,1,0,0,3,0,Very Few
1465,1,0,1,0,2,0,Very Many
1466,1,1,0,0,2,0,Moderate
1467,0,0,0,0,4,0,Many
1468,0,0,0,0,2,0,Few
1469,0,0,0,0,2,1,Very Many
1470,1,0,0,0,2,0,Few
1471,1,1,0,1,3,0,Very Few
1472,1,1,0,0,2,0,Very Many
1473,1,0,1,0,2,1,Few
1474,1,1,0,0,3,1,Moderate
1475,0,0,0,0,0,0,Very Many
1476,0,1,0,1,3,1,Very Few
1477,1,0,0,0,2,1,Very Many
1478,0,0,0,1,2,0,Very Few
1479,0,0,0,0,3,0,Few
1480,0,0,0,0,1,0,Very Few
1481,0,1,1,0,3,1,Moderate
1482,0,0,0,1,4,1,Very Many
1483,0,0,0,0,2,0,Few
1484,0,0,1,0,4,0,Very Many
1485,0,0,0,0,0,0,Very Many
1486,0,0,1,0,3,1,Very Many
1487,1,0,0,0,2,1,Many
1488,0,0,0,1,2,0,Moderate
1489,1,1,0,1,1,0,Many
1490,1,0,0,0,2,0,Very Many
1491,1,0,0,0,1,1,Many
1492,1,1,0,0,4,0,Many
1493,0,1,0,0,3,0,Many
1494,0,1,0,0,1,1,Very Many
1495,1,0,0,0,1,0,Moderate
1496,0,0,1,0,3,1,Very Many
1497,0,1,1,0,2,0,Many
1498,0,0,0,0,1,0,Very Few
1499,1,0,1,0,2,1,Many
1500,0,0,0,0,2,0,Very Few
1501,0,0,0,0,1,0,Very Many
1502,1,1,0,0,3,0,Moderate
1503,1,0,0,0,3,0,Few
1504,0,1,1,0,0,0,Very Many
1505,1,0,0,0,4,1,Very Few
1506,0,1,0,0,2,1,Very Few
1507,1,0,0,0,1,1,Few
1508,0,0,0,0,1,0,Very Many
1509,0,0,0,0,1,1,Very Many
1510,1,1,0,0,2,1,Very Few
1511,0,1,0,0,1,0,Moderate
1512,0,0,0,1,2,0,Moderate
1513,1,0,0,1,1,0,Very Few
1514,0,1,0,1,3,1,Many
1515,1,1,0,0,3,0,Very Many
1516,0,0,0,0,2,1,Few
1517,0,1,1,0,3,0,Very Many
1518,1,0,0,0,4,1,Many
1519,0,0,0,0,3,0,Many
1520,0,0,0,0,2,0,Moderate
1521,0,1,0,0,2,0,Very Many
1522,1,0,0,0,3,0,Moderate
1523,0,0,0,0,1,1,Many
1524,0,1,0,0,2,1,Few
1525,0,0,0,0,2,0,Very Many
1526,0,1,0,1,3,0,Moderate
1527,0,1,0,0,3,0,Very Many
1528,1,1,1,0,2,0,Very Few
1529,1,0,1,0,1,0,Very Many
1530,0,0,0,0,4,1,Many
1531,0,1,0,0,0,1,Few
1532,1,0,1,0,0,0,Very Many
1533,0,0,1,0,2,0,Many
1534,0,1,1,1,3,0,Very Many
1535,1,0,0,0,3,0,Many
1536,1,1,0,0,4,0,Very Many
1537,0,0,1,0,1,0,Few
1538,0,0,1,0,2,0,Few
1539,0,0,0,0,1,0,Very Many
1540,0,0,1,0,3,0,Very Many
1541,1,0,0,0,2,0,Very Many
1542,0,1,0,0,0,0,Moderate
1543,1,0,0,0,3,1,Few
1544,0,0,0,0,2,1,Moderate
1545,0,1,0,0,2,1,Moderate
1546,0,0,1,0,3,0,Moderate
1547,1,0,0,0,1,0,Few
1548,1,1,1,0,1,0,Very Many
1549,0,0,1,0,1,0,Moderate
1550,0,1,0,0,2,1,Very Few
1551,1,1,0,0,1,0,Few
1552,0,1,0,0,3,0,Moderate
1553,0,1,0,0,1,0,Very Many
1554,0,0,0,0,4,0,Few
1555,0,1,0,0,1,1,Very Few
1556,1,1,0,1,1,0,Very Few
1557,0,0,0,0,1,0,Very Many
1558,1,0,0,0,3,0,Very Few
1559,1,1,0,0,2,1,Few
1560,1,0,1,0,3,0,Few
1561,0,1,0,0,3,0,Many
1562,0,0,1,0,4,0,Very Many
1563,0,0,1,0,3,1,Very Many
1564,0,0,1,0,0,0,Few
1565,1,0,0,0,3,0,Few
1566,1,0,0,0,4,1,Very Few
1567,1,0,0,0,4,1,Moderate
1568,0,0,0,0,1,0,Very Few
1569,0,1,1,0,3,1,Few
1570,0,0,0,0,1,0,Few
1571,1,1,1,0,1,1,Moderate
1572,0,0,0,0,3,0,Moderate
1573,0,0,0,0,4,0,Few
1574,0,0,0,0,2,1,Moderate
1575,1,0,0,0,3,1,Very Many
1576,1,0,0,0,0,0,Very Many
1577,1,0,0,0,0,1,Many
1578,1,0,0,0,2,0,Very Many
1579,0,0,0,0,2,1,Many
1580,0,0,0,0,3,0,Few
1581,0,1,0,0,2,0,Very Many
1582,0,0,0,1,2,0,Very Few
1583,1,1,0,1,2,0,Very Many
1584,0,0,0,0,1,0,Moderate
1585,0,0,0,0,4,0,Very Many
1586,0,0,0,0,2,0,Very Many
1587,0,0,0,0,2,1,Very Many
1588,1,1,0,0,3,0,Very Many
1589,0,0,0,1,2,0,Moderate
1590,0,0,0,0,3,0,Very Few
1591,0,0,0,0,1,0,Very Many
1592,0,0,0,0,1,0,Very Few
1593,0,1,0,1,4,0,Very Many
1594,0,0,0,0,3,0,Many
1595,1,0,0,0,2,0,Few
1596,0,0,0,1,3,0,Very Few
1597,0,0,1,1,4,0,Few
1598,1,0,0,1,1,1,Very Many
1599,0,0,0,0,0,0,Very Few
1600,0,0,1,0,2,1,Many
1601,1,1,0,0,1,0,Few
1602,1,0,1,0,1,1,Many
1603,1,0,0,0,3,0,Many
1604,0,0,1,0,0,0,Moderate
1605,0,0,0,1,3,1,Very Many
1606,0,1,0,1,2,0,Many
1607,0,0,0,0,2,0,Few
1608,1,1,1,0,3,0,Many
1609,0,0,0,0,2,1,Very Many
1610,0,0,0,1,1,0,Many
1611,1,0,0,0,1,0,Very Many
1612,1,0,0,0,3,1,Moderate
1613,1,0,0,0,1,0,Moderate
1614,1,0,0,1,0,1,Very Many
1615,0,0,0,0,4,0,Many
1616,1,1,0,0,4,1,Very Many
1617,0,1,1,1,2,0,Very Many
1618,0,0,0,0,0,0,Many
1619,1,0,1,0,3,0,Many
1620,1,0,0,0,3,0,Many
1621,1,1,0,0,1,0,Many
1622,1,0,1,0,1,0,Moderate
1623,1,0,1,0,3,0,Very Many
1624,0,0,0,0,4,0,Very Many
1625,1,0,0,1,3,0,Few
1626,1,1,1,0,1,0,Very Many
1627,1,1,0,0,2,0,Very Many
1628,0,0,0,0,3,0,Few
1629,0,0,0,0,1,0,Moderate
1630,1,0,1,0,1,0,Very Many
1631,0,0,0,0,1,1,Very Few
1632,0,0,0,0,2,0,Few
1633,0,0,0,0,2,0,Moderate
1634,0,1,0,0,3,0,Moderate
1635,1,1,0,0,3,1,Many
1636,0,0,1,0,4,0,Moderate
1637,1,0,0,0,3,1,Very Many
1638,0,0,0,1,1,0,Very Many
1639,0,1,1,1,2,1,Very Many
1640,0,1,0,0,2,0,Few
1641,1,0,1,0,0,0,Very Few
1642,0,1,0,0,4,0,Very Many
1643,1,1,0,0,0,1,Very Many
1644,1,0,0,0,2,1,Very Many
1645,1,0,1,0,2,0,Many
1646,1,0,1,0,2,0,Many
1647,0,0,0,1,3,0,Very Many
1648,0,0,0,0,2,0,Many
1649,0,0,1,0,1,0,Very Many
1650,0,0,0,0,1,0,Very Many
1651,1,1,0,0,4,1,Many
1652,1,0,0,0,1,0,Many
1653,0,0,1,0,1,0,Few
1654,0,0,0,0,2,0,Few
1655,1,0,0,0,1,1,Many
1656,0,0,1,0,2,1,Very Many
1657,1,0,0,0,3,0,Very Many
1658,0,0,0,0,3,1,Very Many
1659,0,1,0,0,3,1,Very Few
1660,1,1,1,0,1,0,Moderate
1661,0,1,0,0,2,0,Very Many
1662,1,0,0,0,0,1,Moderate
1663,1,0,0,1,0,0,Many
1664,1,0,0,0,2,0,Very Many
1665,1,1,1,0,1,0,Very Many
1666,0,0,0,0,3,0,Moderate
1667,1,1,0,0,3,1,Many
1668,1,0,0,1,3,0,Many
1669,1,1,0,0,3,0,Moderate
1670,1,1,1,0,0,1,Very Many
1671,1,0,0,0,2,0,Many
1672,0,1,0,0,1,0,Few
1673,1,0,0,0,2,1,Very Few
1674,1,1,0,0,1,0,Very Many
1675,1,1,0,0,0,0,Very Many
1676,0,1,1,1,2,0,Very Many
1677,1,0,0,0,3,0,Very Many
1678,0,0,0,0,3,1,Very Few
1679,0,1,0,1,2,0,Many
1680,1,1,1,0,2,0,Very Many
1681,1,0,0,1,2,0,Very Few
1682,0,0,0,1,3,0,Moderate
1683,1,0,1,0,0,1,Very Few
1684,0,1,0,0,3,1,Few
1685,0,1,0,0,2,1,Many
1686,0,0,1,1,1,0,Very Few
1687,1,0,0,0,0,1,Moderate
1688,0,0,0,0,1,0,Very Few
1689,0,0,0,1,2,1,Very Few
1690,1,1,0,0,3,1,Few
1691,0,0,0,1,2,0,Many
1692,1,0,0,0,2,0,Very Many
1693,1,1,0,1,4,0,Very Many
1694,1,0,0,0,1,0,Very Many
1695,0,0,0,0,1,1,Moderate
1696,0,1,0,0,2,0,Very Many
1697,1,0,0,0,3,0,Very Many
1698,0,1,0,0,3,0,Very Many
1699,0,0,0,0,2,1,Moderate
1700,0,1,1,0,4,0,Many
1701,0,0,0,0,3,0,Few
1702,1,0,0,0,0,0,Many
1703,1,0,1,1,3,0,Moderate
1704,0,1,0,0,0,0,Moderate
1705,0,1,0,0,3,1,Many
1706,1,0,0,0,1,0,Moderate
1707,0,0,0,0,3,0,Very Many
1708,1,0,0,0,2,0,Very Many
1709,0,0,0,0,3,0,Very Many
1710,1,1,0,0,2,0,Many
1711,1,0,0,0,3,0,Moderate
1712,0,1,1,0,1,0,Very Many
1713,0,1,0,0,4,0,Many
1714,0,0,0,0,3,0,Moderate
1715,1,1,0,0,1,1,Very Many
1716,0,0,0,0,4,0,Very Many
1717,1,0,0,1,2,1,Very Few
1718,0,1,0,1,3,1,Very Many
1719,1,0,0,0,3,0,Very Few
1720,1,0,0,1,0,1,Very Many
1721,0,1,0,0,4,0,Many
1722,0,0,0,0,2,0,Very Few
1723,0,0,0,0,1,0,Very Many
1724,1,1,0,1,3,0,Moderate
1725,0,0,0,0,3,0,Very Many
1726,0,1,0,0,0,0,Very Many
1727,1,0,0,0,1,0,Many
1728,0,0,0,0,3,0,Moderate
1729,1,1,1,0,0,0,Very Many
1730,0,0,0,0,4,0,Many
1731,0,1,0,0,3,0,Few
1732,0,1,0,0,2,0,Very Many
1733,1,1,0,1,2,0,Very Many
1734,0,0,1,1,2,0,Many
1735,1,0,0,0,2,1,Moderate
1736,0,1,1,1,3,1,Very Many
1737,0,0,0,1,4,0,Few
1738,1,0,1,0,2,1,Very Many
1739,0,0,0,1,2,0,Very Many
1740,0,0,0,0,1,0,Very Few
1741,0,0,0,0,3,1,Few
1742,1,1,0,0,3,0,Many
1743,1,0,0,0,3,1,Many
1744,0,0,0,0,0,0,Moderate
1745,0,1,0,0,3,0,Many
1746,1,0,0,0,2,0,Many
1747,1,1,0,1,3,0,Very Many
1748,0,0,0,0,3,0,Few
1749,1,1,0,1,3,0,Few
1750,0,0,0,0,2,1,Very Few
1751,0,1,0,0,3,0,Very Many
1752,0,0,0,0,0,0,Few
1753,0,0,1,0,3,0,Very Many
1754,0,0,0,0,0,1,Very Many
1755,1,1,0,0,2,0,Very Many
1756,0,0,0,0,1,0,Moderate
1757,0,1,0,0,3,1,Many
1758,0,0,0,1,2,0,Few
1759,1,0,0,0,3,0,Very Few
1760,1,0,0,0,3,1,Very Many
1761,0,1,0,0,3,1,Moderate
1762,0,1,0,0,1,0,Very Few
1763,0,1,0,0,3,0,Many
1764,0,1,0,0,2,1,Moderate
1765,0,0,0,0,0,0,Few
1766,0,1,0,0,1,1,Moderate
1767,1,0,1,0,1,0,Very Many
1768,0,1,0,0,0,0,Very Few
1769,0,0,0,0,2,0,Moderate
1770,0,1,0,0,0,1,Few
1771,1,0,0,0,2,1,Few
1772,0,0,0,0,1,0,Very Few
1773,0,0,1,0,1,1,Few
1774,1,0,0,0,4,0,Many
1775,0,0,1,0,2,0,Very Few
1776,0,1,0,0,1,1,Very Few
1777,0,1,1,1,2,1,Very Few
1778,1,0,0,0,1,1,Very Many
1779,0,0,0,0,0,1,Very Many
1780,1,0,0,0,0,0,Very Many
1781,0,1,1,0,4,0,Many
1782,0,0,0,0,3,1,Very Few
1783,1,0,1,0,3,0,Very Many
1784,0,0,0,1,4,0,Many
1785,0,0,0,0,4,0,Few
1786,0,0,1,0,3,0,Very Many
1787,1,0,1,1,3,1,Very Many
1788,0,0,0,1,2,0,Few
1789,0,0,0,0,1,1,Many
1790,0,0,1,0,2,0,Many
1791,0,0,0,0,2,0,Very Many
1792,0,0,0,0,4,0,Many
1793,0,0,1,0,2,0,Very Few
1794,0,0,0,1,3,0,Moderate
1795,1,1,0,0,2,0,Moderate
1796,0,0,0,0,1,0,Moderate
1797,0,1,0,0,2,0,Moderate
1798,1,0,0,0,2,0,Few
1799,1,0,0,0,2,0,Very Many
1800,1,0,0,0,2,0,Very Few
1801,0,0,0,0,1,0,Very Many
1802,1,0,0,0,2,1,Many
1803,1,1,0,0,3,0,Few
1804,0,1,0,0,2,1,Moderate
1805,0,0,0,0,2,1,Very Many
1806,0,0,0,0,0,0,Few
1807,1,0,1,1,1,1,Very Many
1808,0,0,0,1,2,0,Many
1809,0,1,0,0,2,1,Many
1810,0,0,0,0,2,1,Moderate
1811,1,1,0,0,3,0,Very Many
1812,0,0,1,0,1,0,Very Many
1813,1,0,0,0,0,0,Many
1814,1,0,0,0,2,0,Very Many
1815,0,0,0,0,2,0,Very Few
1816,0,0,1,0,2,0,Very Many
1817,0,0,0,0,3,0,Few
1818,1,0,0,0,3,0,Few
1819,1,0,0,0,1,1,Very Many
1820,1,0,0,0,4,1,Very Few
1821,0,0,1,0,1,0,Many
1822,0,1,0,0,3,0,Very Few
1823,0,1,0,0,3,0,Many
1824,0,0,0,0,3,0,Moderate
1825,1,0,0,1,1,1,Very Many
1826,0,0,0,0,2,0,Very Many
1827,0,1,0,1,2,0,Many
1828,0,0,0,0,1,1,Moderate
1829,0,0,0,1,0,1,Few
1830,0,0,0,0,2,0,Few
1831,0,1,0,0,2,0,Many
1832,1,0,1,0,3,0,Many
1833,0,0,1,0,1,0,Moderate
1834,1,0,0,0,3,1,Very Few
1835,0,0,0,0,1,0,Many
1836,1,1,0,0,3,0,Very Many
1837,0,0,0,0,2,1,Moderate
1838,1,1,1,1,2,1,Very Many
1839,1,0,0,1,3,1,Very Few
1840,0,0,0,0,1,0,Many
1841,0,1,0,0,1,0,Few
1842,0,0,1,0,2,0,Moderate
1843,1,0,1,0,1,0,Very Many
1844,0,0,0,0,2,0,Very Few
1845,0,1,0,1,1,0,Moderate
1846,0,0,0,0,3,0,Moderate
1847,1,1,0,1,3,1,Very Many
1848,1,0,1,0,0,0,Very Many
1849,0,1,0,0,3,1,Very Many
1850,0,0,0,0,2,0,Few
1851,1,0,0,0,2,1,Very Many
1852,1,0,0,0,2,0,Very Many
1853,0,1,0,1,3,1,Moderate
1854,0,1,1,0,2,0,Very Many
1855,1,0,0,0,3,0,Few
1856,0,0,0,0,1,1,Very Many
1857,0,0,0,0,4,0,Very Many
1858,1,0,0,0,3,0,Few
1859,0,0,1,1,1,1,Few
1860,1,0,0,0,3,1,Few
1861,0,0,0,0,2,0,Very Many
1862,1,0,0,0,1,0,Few
1863,0,1,0,0,1,0,Very Many
1864,1,0,0,0,0,0,Very Few
1865,0,0,0,0,3,1,Very Many
1866,0,0,0,0,2,0,Many
1867,0,0,0,1,2,0,Few
1868,1,0,0,0,1,1,Moderate
1869,0,0,0,1,2,0,Very Many
1870,0,0,0,0,2,0,Moderate
1871,0,0,0,0,3,0,Very Many
1872,0,1,0,0,4,0,Very Many
1873,1,0,0,1,2,0,Very Many
1874,1,0,0,0,2,0,Very Many
1875,0,1,1,0,2,0,Many
1876,0,0,0,1,3,0,Very Many
1877,1,0,0,0,1,0,Very Few
1878,1,0,0,0,2,0,Moderate
1879,1,0,0,0,3,0,Very Few
1880,0,0,0,0,0,0,Very Many
1881,0,0,0,0,1,0,Very Many
1882,0,1,0,0,3,0,Many
1883,0,0,0,0,1,0,Moderate
1884,1,0,0,0,2,0,Very Few
1885,0,0,0,0,2,1,Very Few
1886,0,0,1,0,2,0,Many
1887,1,0,0,0,1,1,Very Many
1888,0,1,0,0,4,1,Moderate
1889,1,1,0,0,0,0,Few
1890,0,0,0,0,3,0,Few
1891,0,0,0,0,0,1,Very Many
1892,0,1,0,0,2,0,Many
1893,0,0,0,0,1,1,Moderate
1894,0,0,0,0,1,0,Very Few
1895,0,0,0,0,1,0,Very Few
1896,0,1,0,0,2,0,Moderate
1897,1,0,0,0,2,0,Very Many
1898,0,1,0,0,1,0,Few
1899,0,0,0,0,4,0,Moderate
1900,0,0,0,0,1,1,Very Many
1901,0,0,0,0,2,1,Moderate
1902,0,0,0,1,1,0,Few
1903,0,1,0,0,2,1,Very Many
1904,0,0,0,0,3,1,Very Few
1905,0,0,1,0,2,1,Few
1906,0,0,0,0,1,0,Very Many
1907,1,0,0,1,1,1,Many
1908,0,0,0,0,3,0,Very Few
1909,0,0,0,0,1,0,Very Many
1910,1,0,1,0,2,1,Many
1911,1,1,0,0,1,0,Moderate
1912,1,0,1,1,1,0,Many
1913,0,1,0,0,1,1,Many
1914,1,0,0,0,3,0,Very Few
1915,1,0,0,0,3,1,Very Many
1916,1,0,0,0,2,1,Very Few
1917,0,1,0,0,1,0,Many
1918,0,0,1,1,2,0,Very Many
1919,1,1,0,0,2,1,Very Few
1920,0,0,1,1,2,0,Very Few
1921,0,0,0,1,0,1,Very Many
1922,0,0,0,0,4,1,Moderate
1923,0,0,0,0,2,0,Very Many
1924,0,0,1,0,4,0,Many
1925,0,1,0,0,0,1,Very Many
1926,1,1,0,0,1,0,Very Few
1927,0,1,0,0,1,0,Many
1928,0,1,1,0,3,1,Many
1929,1,1,0,0,2,1,Very Few
1930,0,1,0,0,3,0,Very Many
1931,0,0,0,0,3,0,Many
1932,0,0,1,0,3,0,Very Many
1933,0,0,0,0,3,1,Very Many
1934,0,0,0,0,3,1,Very Many
1935,1,1,0,0,3,1,Many
1936,1,0,0,0,2,0,Few
1937,1,0,0,1,3,1,Very Many
1938,0,0,0,0,3,1,Moderate
1939,0,0,0,0,2,0,Moderate
1940,0,0,0,0,4,0,Moderate
1941,0,0,0,0,0,1,Many
1942,0,0,0,0,2,0,Very Many
1943,1,0,1,0,1,0,Many
1944,0,0,0,1,1,0,Moderate
1945,0,0,0,1,3,0,Many
1946,0,0,0,0,4,0,Very Few
1947,0,0,0,0,3,0,Very Few
1948,1,0,1,0,4,1,Moderate
1949,1,1,0,0,1,1,Very Many
1950,0,0,0,0,1,1,Many
1951,0,1,0,0,2,0,Moderate
1952,1,1,0,1,3,1,Very Few
1953,1,1,0,0,0,1,Very Many
1954,1,0,0,0,4,0,Very Many
1955,0,0,0,1,3,0,Few
1956,0,0,0,1,4,0,Moderate
1957,0,0,0,0,2,1,Very Few
1958,0,1,1,0,2,0,Very Many
1959,1,0,0,0,3,1,Many
1960,0,1,0,0,3,0,Very Many
1961,0,1,0,0,1,0,Few
1962,0,0,0,0,4,1,Very Few
1963,1,0,1,0,3,0,Very Few
1964,0,0,0,0,0,0,Very Many
1965,0,0,1,0,1,1,Few
1966,1,0,0,0,2,1,Very Few
1967,0,1,0,1,2,0,Moderate
1968,0,0,0,0,3,0,Very Few
1969,0,0,0,0,0,0,Very Few
1970,1,0,0,0,3,1,Few
1971,1,0,1,0,3,0,Many
1972,1,0,0,1,1,0,Very Many
1973,1,0,1,0,2,0,Very Many
1974,1,0,0,0,1,1,Moderate
1975,1,0,0,0,1,1,Very Many
1976,0,0,0,0,2,1,Moderate
1977,1,0,0,0,4,0,Moderate
1978,0,1,1,0,1,1,Very Many
1979,1,0,0,0,2,0,Moderate
1980,1,0,0,0,1,0,Few
1981,0,0,0,0,1,1,Moderate
1982,0,0,1,0,2,0,Many
1983,0,1,0,0,3,0,Many
1984,0,1,0,0,0,1,Many
1985,0,0,0,0,4,0,Many
1986,0,1,0,0,0,0,Very Many
1987,0,1,0,0,3,0,Many
1988,1,0,0,0,3,0,Many
1989,0,1,0,0,2,1,Few
1990,0,0,0,0,1,0,Few
1991,0,0,1,0,2,1,Many
1992,1,1,0,0,3,0,Very Many
1993,0,0,1,0,3,0,Moderate
1994,0,1,0,0,2,0,Few
1995,0,0,0,0,2,1,Very Many
1996,0,1,0,0,3,0,Moderate
1997,0,0,0,0,4,1,Many
1998,0,0,1,0,3,0,Very Few
1999,0,0,1,0,3,1,Few
2000,1,1,0,0,2,1,Many
2001,1,0,1,0,3,1,Many
2002,0,0,0,1,3,1,Many
2003,1,0,1,1,3,0,Very Few
2004,0,0,0,0,2,1,Many
2005,0,1,1,1,2,0,Many
2006,0,0,1,1,2,0,Many
2007,0,0,0,1,2,0,Very Many
2008,0,0,0,0,2,0,Very Few
2009,1,0,0,0,3,0,Few
2010,1,0,0,0,2,0,Moderate
2011,0,1,1,0,1,0,Very Many
2012,0,1,0,0,3,0,Very Many
2013,0,0,0,0,3,0,Very Many
2014,0,0,0,0,2,1,Very Many
2015,0,1,0,0,1,1,Many
2016,1,0,0,0,4,1,Very Many
2017,0,0,0,0,3,0,Moderate
2018,1,0,0,0,1,0,Many
2019,0,0,0,0,0,1,Very Many
2020,1,0,0,0,2,1,Few
2021,1,1,0,0,3,1,Very Few
2022,1,0,0,0,1,0,Very Few
2023,1,1,0,0,2,0,Very Few
2024,0,0,1,0,2,1,Very Few
2025,0,0,0,0,3,0,Moderate
2026,1,0,1,0,2,0,Many
2027,0,1,0,0,2,1,Moderate
2028,1,0,1,0,4,1,Many
2029,0,0,0,0,1,0,Very Many
2030,0,1,1,0,1,0,Very Many
2031,0,1,1,0,3,1,Moderate
2032,1,1,0,0,1,0,Very Many
2033,1,0,1,0,3,1,Very Many
2034,0,1,0,0,0,1,Moderate
2035,0,0,0,0,1,1,Very Few
2036,1,1,0,0,4,1,Few
2037,1,1,1,0,2,0,Many
2038,0,1,1,1,3,0,Many
2039,1,1,0,0,1,0,Few
2040,0,0,0,0,1,0,Very Many
2041,0,1,1,0,3,0,Very Many
2042,0,0,0,0,2,0,Few
2043,1,1,1,0,2,1,Very Many
2044,1,1,0,0,0,0,Very Many
2045,1,0,0,0,2,0,Very Few
2046,1,0,0,0,3,0,Very Few
2047,0,1,0,0,3,0,Many
2048,1,0,0,1,3,0,Few
2049,0,0,0,0,3,0,Very Many
2050,1,0,0,0,2,0,Very Many
2051,0,0,0,0,2,1,Moderate
2052,1,0,0,0,3,1,Moderate
2053,1,0,0,0,1,1,Moderate
2054,1,0,0,0,1,0,Very Many
2055,1,1,0,0,4,0,Very Many
2056,0,0,0,0,0,0,Very Few
2057,1,0,0,0,1,0,Moderate
2058,0,0,1,0,2,0,Very Many
2059,1,0,0,0,3,0,Few
2060,1,0,1,0,2,1,Few
2061,0,1,0,0,2,0,Very Many
2062,1,0,1,0,4,0,Few
2063,0,0,0,0,3,0,Many
2064,1,1,0,0,3,0,Very Many
2065,1,0,1,0,0,1,Few
2066,0,0,0,0,1,0,Very Many
2067,0,1,0,0,2,0,Very Few
2068,0,0,0,0,1,0,Few
2069,1,1,0,0,0,0,Very Few
2070,1,0,1,0,1,0,Moderate
2071,0,0,1,0,2,1,Very Few
2072,1,1,0,0,3,1,Very Many
2073,0,0,0,0,3,1,Very Many
2074,0,0,1,0,0,0,Very Many
2075,0,1,1,0,2,0,Many
2076,0,0,0,0,1,0,Moderate
2077,0,1,0,0,2,1,Very Many
2078,0,1,0,0,2,1,Very Many
2079,0,0,1,0,2,1,Few
2080,1,0,0,0,3,0,Very Many
2081,0,0,0,0,3,0,Moderate
2082,0,1,0,0,3,0,Very Many
2083,0,0,1,0,3,0,Few
2084,0,0,1,0,3,0,Very Many
2085,0,0,0,0,3,0,Very Few
2086,0,0,0,0,2,1,Moderate
2087,1,0,1,0,2,0,Moderate
2088,1,1,0,0,3,0,Very Many
2089,0,0,0,0,0,0,Many
2090,0,0,0,0,3,0,Moderate
2091,0,1,0,0,4,1,Very Many
2092,0,0,0,0,3,0,Many
2093,1,1,0,0,0,0,Very Many
2094,1,0,0,0,2,1,Very Many
2095,1,0,1,0,3,0,Very Many
2096,0,1,0,0,4,0,Many
2097,1,0,0,0,2,1,Very Few
2098,0,0,0,0,3,1,Very Many
2099,0,0,0,0,3,0,Many
2100,0,1,1,1,1,0,Few
2101,1,1,0,1,3,0,Moderate
2102,1,0,0,0,2,1,Very Many
2103,0,1,0,1,2,0,Few
2104,0,0,0,0,2,1,Many
2105,1,0,0,1,3,1,Many
2106,1,1,0,0,3,1,Very Many
2107,0,1,0,0,2,0,Few
2108,1,0,0,0,3,0,Very Many
2109,0,0,0,0,3,0,Very Many
2110,1,0,0,0,3,1,Many
2111,0,1,0,0,2,0,Very Many
2112,0,1,0,1,0,0,Very Many
2113,1,0,1,0,2,0,Many
2114,1,1,0,0,3,0,Very Few
2115,0,1,0,0,1,0,Many
2116,0,1,1,0,4,0,Few
2117,0,0,0,0,3,0,Very Many
2118,0,0,0,0,3,0,Very Few
2119,1,0,1,1,3,0,Many
2120,0,0,0,0,2,1,Very Many
2121,1,1,0,0,3,1,Few
2122,0,1,0,0,2,0,Many
2123,1,0,0,0,3,0,Moderate
2124,0,1,0,0,3,1,Many
2125,0,0,0,0,3,0,Many
2126,0,0,0,0,3,0,Very Many
2127,1,0,0,0,0,0,Very Many
2128,0,0,0,0,0,0,Very Many
2129,0,0,1,0,3,0,Many
2130,1,0,0,0,1,1,Many
2131,1,1,0,0,2,1,Moderate
2132,1,0,0,0,2,0,Very Few
2133,0,0,0,0,0,0,Very Few
2134,0,0,0,0,0,0,Few
2135,1,1,0,0,3,0,Very Many
2136,0,0,0,0,3,0,Very Many
2137,0,1,1,0,2,0,Very Few
2138,0,0,0,0,4,1,Many
2139,1,0,0,1,1,0,Few
2140,0,1,0,0,1,1,Few
2141,1,0,1,0,3,0,Moderate
2142,0,0,1,0,3,0,Few
2143,1,0,1,0,2,0,Very Many
2144,1,0,1,0,4,0,Moderate
2145,0,1,0,0,4,1,Many
2146,0,0,0,0,0,0,Very Many
2147,1,0,0,0,1,0,Moderate
2148,0,0,0,0,3,0,Many
2149,1,0,0,0,2,0,Few
2150,1,0,1,1,0,0,Very Many
2151,0,0,0,0,3,0,Moderate
2152,0,0,1,0,2,1,Few
2153,0,0,1,0,2,1,Few
2154,1,0,0,0,1,0,Few
2155,0,0,1,0,3,0,Very Few
2156,1,0,0,0,2,0,Many
2157,1,1,0,0,1,0,Many
2158,0,0,0,1,2,1,Few
2159,0,1,0,0,2,1,Few
2160,0,0,1,0,4,0,Moderate
2161,1,1,0,0,4,0,Many
2162,0,0,0,0,1,1,Few
2163,0,0,0,0,3,1,Very Many
2164,1,1,0,0,3,0,Few
2165,0,1,0,0,3,0,Few
2166,0,0,0,0,2,0,Very Few
2167,0,0,0,0,0,1,Very Few
2168,1,0,0,1,3,0,Many
2169,0,0,0,0,1,1,Moderate
2170,0,0,0,0,1,0,Very Few
2171,1,1,0,0,3,0,Very Many
2172,0,0,1,0,4,0,Few
2173,1,0,0,0,1,1,Moderate
2174,0,0,0,0,3,0,Many
2175,0,1,0,0,2,1,Very Many
2176,0,1,0,0,3,0,Many
2177,0,0,0,0,2,1,Very Few
2178,0,0,1,0,1,1,Very Few
2179,0,0,0,1,1,0,Many
2180,0,0,1,1,2,1,Few
2181,0,0,1,0,1,0,Many
2182,0,1,1,0,0,0,Many
2183,0,1,0,0,3,0,Very Many
2184,0,0,1,0,2,1,Moderate
2185,1,0,0,0,3,1,Many
2186,0,0,0,1,1,0,Very Many
2187,0,0,0,1,3,1,Very Many
2188,1,1,1,0,2,0,Very Many
2189,0,0,0,0,0,1,Very Many
2190,0,0,0,0,2,0,Many
2191,0,1,1,0,0,0,Very Many
2192,1,0,0,0,3,0,Many
2193,0,1,0,0,3,0,Many
2194,1,1,0,0,2,0,Many
2195,1,1,1,1,1,0,Moderate
2196,0,0,0,0,1,0,Very Few
2197,1,0,0,0,2,1,Few
2198,0,0,0,1,3,0,Many
2199,0,0,0,0,1,1,Many
2200,0,1,0,0,0,0,Few
2201,1,0,0,0,2,0,Many
2202,0,0,0,0,2,0,Very Few
2203,0,0,0,0,1,1,Many
2204,1,1,1,1,2,1,Few
2205,1,0,0,0,2,0,Few
2206,1,0,0,0,2,0,Moderate
2207,0,0,0,0,2,0,Many
2208,0,1,0,0,3,0,Few
2209,0,0,1,1,0,1,Moderate
2210,1,0,0,0,1,0,Very Many
2211,0,0,0,1,2,0,Very Many
2212,1,0,0,1,2,1,Very Many
2213,0,1,0,0,2,1,Many
2214,1,1,0,0,3,0,Very Many
2215,1,0,1,0,3,0,Many
2216,1,0,1,0,1,0,Few
2217,0,0,0,0,3,0,Moderate
2218,0,1,0,0,2,0,Few
2219,0,0,0,0,1,1,Few
2220,0,1,0,0,4,1,Very Few
2221,0,1,0,0,3,0,Very Many
2222,1,1,0,0,4,0,Moderate
2223,0,1,0,0,1,0,Very Many
2224,1,0,1,0,1,0,Very Many
2225,0,1,0,0,2,0,Very Many
2226,0,1,0,0,3,0,Few
2227,0,0,0,0,1,0,Very Many
2228,1,1,1,0,3,0,Very Few
2229,0,1,0,0,2,0,Many
2230,1,1,0,0,2,0,Very Few
2231,0,0,0,0,3,0,Very Many
2232,1,0,0,0,3,0,Many
2233,0,0,0,0,0,0,Moderate
2234,0,1,1,0,4,0,Very Many
2235,1,1,0,0,2,0,Few
2236,1,0,0,0,0,1,Very Few
2237,0,0,0,0,3,0,Very Few
2238,1,1,0,0,4,0,Very Many
2239,0,0,0,0,3,0,Very Many
2240,1,0,1,0,3,0,Moderate
2241,0,1,0,0,3,1,Few
2242,0,0,1,0,4,1,Very Many
2243,0,0,0,1,0,0,Very Many
2244,1,1,0,0,3,0,Very Many
2245,1,0,0,0,3,0,Very Few
2246,0,1,0,0,0,0,Few
2247,1,0,0,1,2,0,Many
2248,0,0,0,0,2,0,Very Many
2249,1,0,0,1,3,0,Many
2250,0,0,0,0,0,0,Moderate
2251,0,0,0,0,3,1,Very Few
2252,0,0,0,0,1,0,Moderate
2253,0,0,1,0,2,0,Many
2254,0,0,0,1,3,0,Many
2255,1,0,0,0,2,0,Very Many
2256,0,0,0,0,2,1,Very Few
2257,1,0,0,0,0,0,Few
2258,1,0,0,0,3,1,Very Many
2259,0,0,0,0,4,0,Moderate
2260,0,0,0,0,4,1,Very Many
2261,1,1,0,0,3,1,Very Few
2262,1,0,0,0,1,0,Few
2263,1,0,1,0,1,0,Very Many
2264,1,1,1,0,1,1,Moderate
2265,0,0,1,0,2,0,Moderate
2266,1,0,0,0,1,0,Many
2267,0,0,1,0,1,0,Very Many
2268,0,0,0,0,3,0,Many
2269,1,0,0,1,2,0,Very Many
2270,1,0,0,0,3,0,Very Few
2271,1,1,0,0,4,0,Very Many
2272,0,0,1,0,3,0,Very Many
2273,1,0,0,0,3,1,Few
2274,1,0,0,0,3,0,Moderate
2275,1,0,0,0,2,1,Few
2276,0,0,0,0,0,1,Very Many
2277,1,1,0,0,0,1,Moderate
2278,0,1,1,0,1,1,Moderate
2279,1,1,0,0,3,1,Very Few
2280,1,0,0,0,4,1,Many
2281,1,1,0,0,4,0,Few
2282,0,0,0,1,0,0,Very Many
2283,0,0,0,0,4,1,Few
2284,0,0,0,0,2,0,Many
2285,0,1,0,0,3,1,Few
2286,1,0,0,0,1,1,Very Few
2287,0,0,0,0,0,0,Very Many
2288,0,1,0,1,2,1,Moderate
2289,1,0,1,1,3,0,Few
2290,0,0,1,0,1,0,Very Few
2291,1,0,0,1,1,0,Many
2292,0,0,0,0,4,0,Very Many
2293,0,0,0,0,4,0,Very Few
2294,1,0,0,0,0,0,Very Many
2295,0,0,0,0,3,0,Very Many
2296,0,1,0,0,2,1,Moderate
2297,0,1,0,1,2,0,Few
2298,0,1,0,0,2,0,Very Few
2299,1,0,0,0,2,0,Very Many
2300,1,0,0,0,2,1,Few
2301,0,0,0,0,2,1,Very Few
2302,1,1,0,1,2,0,Very Many
2303,1,1,1,0,3,0,Very Many
2304,1,1,0,0,3,1,Very Many
2305,0,0,0,1,2,0,Very Many
2306,1,0,0,0,1,0,Moderate
2307,0,1,0,0,3,0,Moderate
2308,1,0,0,0,3,0,Very Many
2309,1,0,0,0,3,1,Moderate
2310,0,1,0,0,2,0,Many
2311,0,0,0,0,1,0,Very Few
2312,0,0,0,0,3,0,Moderate
2313,0,0,1,0,2,1,Few
2314,0,0,1,0,4,1,Many
2315,1,0,0,0,3,1,Very Few
2316,0,0,0,0,1,0,Moderate
2317,0,1,1,1,2,0,Very Few
2318,0,0,0,0,3,1,Moderate
2319,0,0,0,0,2,0,Few
2320,0,0,0,0,2,1,Many
2321,1,0,0,0,3,0,Very Few
2322,0,0,0,0,3,0,Moderate
2323,1,1,1,1,1,0,Very Few
2324,0,0,0,0,2,1,Few
2325,1,0,0,0,4,1,Very Many
2326,0,1,0,0,4,0,Very Many
2327,1,0,0,0,3,0,Moderate
2328,1,0,1,0,4,1,Very Many
2329,1,0,0,0,2,0,Very Many
2330,1,0,0,0,2,1,Very Many
2331,1,0,0,0,2,0,Very Many
2332,1,0,0,0,1,0,Few
2333,1,0,0,0,2,0,Many
2334,1,1,0,1,2,0,Very Few
2335,1,0,0,0,3,0,Very Many
2336,0,0,0,1,3,0,Very Few
2337,0,0,0,0,3,0,Few
2338,1,0,0,0,2,0,Very Many
2339,0,0,0,0,1,0,Very Many
2340,1,0,0,0,2,1,Very Many
2341,0,1,1,0,3,0,Very Many
2342,0,1,1,0,1,0,Many
2343,1,0,0,1,2,0,Many
2344,0,1,0,0,2,0,Few
2345,0,0,0,0,3,1,Very Many
2346,0,0,0,0,3,0,Very Few
2347,0,1,0,1,3,1,Very Many
2348,1,1,0,0,2,0,Very Many
2349,0,0,1,1,2,0,Many
2350,1,0,0,0,1,0,Very Many
2351,0,0,0,0,1,1,Very Many
2352,1,0,0,1,1,1,Moderate
2353,0,1,0,0,1,0,Very Many
2354,0,0,0,1,1,1,Many
2355,0,0,1,0,1,0,Very Many
2356,0,0,0,0,1,1,Many
2357,0,0,0,1,3,0,Very Many
2358,1,1,0,0,4,0,Moderate
2359,0,1,1,0,3,0,Very Few
2360,0,0,0,0,0,1,Very Many
2361,0,0,0,0,2,1,Few
2362,1,0,0,0,3,1,Very Few
2363,0,0,0,0,1,1,Few
2364,0,0,0,0,3,0,Very Many
2365,0,0,0,0,2,1,Many
2366,1,0,0,0,4,1,Very Many
2367,1,0,1,0,3,0,Moderate
2368,0,1,0,0,3,0,Very Many
2369,0,0,0,1,3,0,Very Many
2370,0,1,0,1,1,1,Moderate
2371,1,0,0,0,1,1,Few
2372,0,1,0,0,2,1,Moderate
2373,1,0,0,0,1,1,Moderate
2374,0,1,0,0,1,1,Moderate
2375,0,0,0,0,2,1,Very Many
2376,0,1,1,0,3,1,Very Few
2377,1,1,0,0,0,0,Very Many
2378,1,0,0,0,1,0,Very Few
2379,1,0,0,0,2,0,Very Many
2380,0,1,0,1,2,1,Very Few
2381,0,1,0,0,1,0,Many
2382,0,1,0,0,4,0,Very Many
2383,0,1,0,0,2,0,Very Many
2384,0,1,1,0,2,0,Very Many
2385,0,0,0,0,0,0,Few
2386,0,0,1,1,2,0,Few
2387,0,0,0,0,3,0,Moderate
2388,1,0,1,0,1,0,Moderate
2389,0,0,0,0,2,0,Very Many
2390,1,0,0,0,0,0,Very Few
2391,0,0,0,0,4,0,Very Many
2392,1,0,0,0,0,0,Few
2393,0,0,0,1,3,0,Very Many
2394,0,0,0,0,2,0,Very Few
2395,1,0,0,0,2,1,Very Many
2396,0,0,0,1,3,0,Moderate
2397,1,1,0,0,1,0,Few
2398,1,0,0,0,2,0,Many
2399,0,1,0,0,2,0,Many
2400,1,0,1,0,0,0,Moderate
2401,1,0,0,0,3,0,Moderate
2402,0,0,0,0,0,0,Very Many
2403,1,0,0,0,3,0,Moderate
2404,1,0,1,0,2,0,Moderate
2405,0,0,1,0,1,1,Many
2406,0,1,0,0,3,0,Few
2407,0,1,1,0,2,1,Many
2408,1,1,0,0,2,0,Very Many
2409,1,1,0,1,2,0,Many
2410,1,0,0,1,1,0,Many
2411,0,0,0,0,3,1,Very Many
2412,0,0,0,1,2,0,Very Many
2413,1,0,0,1,1,0,Few
2414,0,1,0,0,3,0,Moderate
2415,1,1,0,0,0,0,Very Many
2416,1,1,0,0,1,1,Very Few
2417,0,1,0,0,2,0,Few
2418,0,0,0,0,3,0,Moderate
2419,0,0,0,0,4,0,Very Many
2420,1,0,1,0,3,0,Very Few
2421,1,1,0,0,2,0,Very Many
2422,1,1,0,0,3,0,Moderate
2423,0,0,0,1,2,0,Very Many
2424,0,0,0,0,1,1,Very Many
2425,1,0,1,0,4,0,Many
2426,0,0,0,0,1,1,Moderate
2427,1,1,0,0,2,0,Moderate
2428,0,0,0,0,3,0,Many
2429,0,0,1,0,3,0,Many
2430,0,0,0,0,0,1,Few
2431,0,1,0,1,0,0,Very Many
2432,1,0,0,0,2,0,Very Many
2433,0,0,0,1,2,0,Few
2434,1,0,0,0,2,1,Very Many
2435,0,0,0,0,2,0,Very Many
2436,0,0,0,0,4,0,Very Few
2437,0,1,1,0,1,0,Very Many
2438,0,1,0,0,2,1,Moderate
2439,0,0,0,0,2,1,Many
2440,1,0,0,0,1,0,Very Many
2441,0,1,0,0,1,0,Many
2442,0,0,0,0,4,1,Very Many
2443,0,0,0,0,3,1,Very Many
2444,0,0,0,1,1,0,Very Many
2445,0,0,0,0,3,1,Moderate
2446,1,0,0,0,1,0,Very Many
2447,0,1,1,0,3,0,Very Many
2448,0,1,0,0,0,1,Very Few
2449,1,0,0,0,3,0,Many
2450,0,1,0,1,0,1,Moderate
2451,0,0,1,0,2,0,Moderate
2452,0,0,1,0,3,0,Moderate
2453,0,0,1,0,1,1,Very Many
2454,0,0,0,0,2,0,Many
2455,1,1,0,0,0,0,Moderate
2456,1,1,0,1,3,1,Few
2457,1,1,0,0,2,0,Moderate
2458,0,0,0,1,2,0,Many
2459,1,0,0,0,4,1,Very Many
2460,0,0,0,0,2,0,Very Many
2461,0,1,1,0,0,1,Very Many
2462,0,0,0,0,3,1,Few
2463,0,0,1,0,3,0,Very Many
2464,1,0,0,1,4,0,Very Many
2465,1,0,0,0,1,1,Few
2466,1,1,0,0,2,0,Very Many
2467,1,1,0,0,3,0,Very Many
2468,1,1,0,1,3,0,Very Many
2469,0,1,0,1,3,0,Very Few
2470,0,0,0,0,1,0,Many
2471,1,0,1,0,1,1,Very Few
2472,0,0,0,0,1,1,Many
2473,1,1,0,0,4,0,Very Many
2474,0,0,0,0,1,0,Moderate
2475,0,0,1,0,2,0,Very Many
2476,0,0,0,1,2,0,Few
2477,1,0,1,0,2,1,Moderate
2478,0,0,0,0,2,1,Very Few
2479,1,0,0,0,3,1,Many
2480,0,1,0,0,2,0,Very Few
2481,1,0,0,1,1,0,Very Few
2482,0,0,0,0,2,0,Very Many
2483,0,1,0,0,3,0,Many
2484,0,0,0,0,4,0,Very Many
2485,0,0,1,0,3,1,Moderate
2486,0,0,0,0,3,1,Few
2487,1,0,0,0,2,1,Very Many
2488,0,0,0,1,3,1,Very Many
2489,0,0,0,0,4,0,Very Many
2490,0,1,0,0,2,0,Very Few
2491,0,0,0,0,0,0,Very Few
2492,0,0,0,0,4,0,Few
2493,0,0,0,0,3,0,Very Many
2494,0,1,0,0,2,1,Very Many
2495,0,1,1,0,4,0,Few
2496,0,0,1,0,2,0,Few
2497,1,0,0,0,2,0,Few
2498,0,1,1,0,3,0,Very Few
2499,0,0,0,0,1,0,Few
2500,0,0,0,1,3,0,Very Many
2501,0,0,0,0,1,0,Very Many
2502,0,0,0,0,1,1,Very Many
2503,1,0,1,0,2,0,Many
2504,0,0,0,0,2,0,Few
2505,1,0,0,0,1,0,Very Few
2506,0,0,0,0,4,1,Few
2507,1,0,0,0,2,0,Very Few
2508,1,0,1,0,1,1,Very Few
2509,0,1,0,0,2,1,Moderate
2510,0,0,0,0,3,1,Few
2511,0,0,0,1,2,0,Few
2512,1,0,0,0,1,0,Very Many
2513,0,0,0,0,1,0,Very Many
2514,0,0,0,0,2,0,Moderate
2515,0,0,0,1,2,0,Very Few
2516,0,0,1,0,3,1,Few
2517,1,0,0,0,4,1,Many
2518,1,1,1,0,1,0,Very Many
2519,0,1,1,1,3,0,Very Many
2520,0,1,1,0,4,1,Very Many
2521,0,0,0,0,4,0,Very Few
2522,1,0,1,0,4,0,Few
2523,1,1,0,0,3,0,Few
2524,0,0,0,1,2,1,Moderate
2525,0,1,0,1,2,0,Moderate
2526,1,0,0,0,2,1,Very Few
2527,0,0,1,0,3,0,Moderate
2528,0,0,0,0,2,0,Moderate
2529,0,0,0,0,1,0,Very Few
2530,0,0,0,0,1,0,Moderate
2531,0,0,1,0,3,0,Very Few
2532,1,0,0,0,3,0,Very Many
2533,0,0,1,1,2,1,Very Few
2534,0,0,0,0,1,0,Very Many
2535,0,0,0,0,3,1,Many
2536,1,0,0,0,0,1,Moderate
2537,0,0,0,0,2,1,Very Few
2538,0,0,0,1,2,1,Many
2539,0,0,0,0,4,0,Very Few
2540,1,1,0,0,2,0,Few
2541,0,0,0,1,2,1,Many
2542,0,1,0,0,3,1,Very Many
2543,0,1,0,1,2,1,Few
2544,0,0,0,0,1,0,Moderate
2545,1,0,0,0,2,0,Very Many
2546,1,0,0,0,4,0,Moderate
2547,0,0,1,1,2,1,Very Few
2548,0,1,0,0,3,0,Many
2549,0,1,0,0,4,0,Very Many
2550,0,0,0,1,3,0,Very Many
2551,1,0,0,0,3,0,Very Many
2552,0,1,0,0,3,0,Very Many
2553,0,1,0,0,4,1,Very Many
2554,1,0,0,0,4,1,Moderate
2555,0,0,0,0,4,0,Very Many
2556,0,0,0,1,3,0,Very Few
2557,1,0,0,1,2,1,Few
2558,1,1,0,0,1,0,Few
2559,1,1,0,0,2,1,Very Many
2560,1,1,1,0,4,0,Many
2561,0,0,0,0,3,0,Very Many
2562,0,1,0,0,2,0,Few
2563,0,0,0,1,2,1,Moderate
2564,1,0,1,0,2,0,Many
2565,0,0,0,0,2,0,Very Few
2566,0,0,0,0,3,0,Few
2567,1,0,0,0,2,0,Many
2568,0,0,0,0,1,0,Few
2569,0,0,0,0,2,0,Very Many
2570,0,1,0,0,1,0,Very Many
2571,0,0,0,0,4,0,Few
2572,0,0,0,0,2,0,Very Many
2573,0,0,0,0,4,0,Very Many
2574,0,1,0,0,1,0,Very Many
2575,0,0,0,0,1,0,Very Few
2576,0,0,0,0,3,0,Few
2577,0,1,0,1,3,0,Moderate
2578,0,0,1,0,2,0,Very Many
2579,0,0,1,0,1,0,Very Many
2580,0,1,0,0,0,0,Many
2581,1,0,0,0,3,0,Very Many
2582,1,1,0,0,1,0,Many
2583,0,0,0,0,2,1,Very Few
2584,0,0,0,1,3,1,Moderate
2585,0,0,0,0,0,0,Many
2586,1,1,0,0,1,0,Very Many
2587,1,0,0,0,0,1,Very Many
2588,0,0,1,0,4,1,Very Many
2589,1,0,1,0,2,0,Moderate
2590,1,0,0,0,4,0,Many
2591,0,1,0,0,1,0,Few
2592,0,1,0,0,3,0,Moderate
2593,0,0,1,0,1,0,Few
2594,0,0,0,0,2,0,Moderate
2595,0,0,0,0,3,1,Few
2596,1,0,0,0,3,0,Many
2597,0,1,0,0,3,0,Moderate
2598,0,0,0,1,3,0,Moderate
2599,1,0,1,0,1,0,Very Few
2600,0,0,0,0,2,0,Many
2601,0,0,0,0,2,0,Very Few
2602,0,0,1,0,3,0,Very Many
2603,0,1,1,0,1,0,Very Few
2604,0,0,0,0,4,1,Very Few
2605,1,0,0,1,2,0,Moderate
2606,0,0,1,1,3,0,Very Few
2607,0,1,0,0,1,0,Very Many
2608,0,0,0,0,2,0,Very Many
2609,1,0,0,0,3,0,Very Many
2610,1,0,0,0,2,0,Moderate
2611,1,0,0,0,4,0,Very Few
2612,0,1,0,0,3,0,Very Many
2613,1,0,0,0,2,1,Few
2614,1,0,0,0,3,0,Very Few
2615,1,0,1,0,3,0,Few
2616,0,0,0,1,3,0,Few
2617,0,0,0,0,1,1,Very Few
2618,0,1,1,0,2,0,Very Few
2619,0,0,0,0,3,0,Few
2620,1,1,0,0,3,1,Very Many
2621,0,0,0,0,2,0,Very Many
2622,0,1,0,0,1,0,Few
2623,0,0,0,0,2,0,Very Many
2624,0,0,0,0,0,1,Few
2625,0,0,0,0,3,1,Very Many
2626,0,0,0,0,3,1,Many
2627,1,0,0,0,2,1,Very Many
2628,0,1,1,1,3,1,Moderate
2629,1,1,0,0,2,0,Few
2630,0,0,1,0,3,1,Many
2631,1,0,0,0,1,0,Very Few
2632,0,0,0,0,2,0,Very Few
2633,0,1,1,0,3,0,Very Few
2634,0,0,1,0,1,0,Very Few
2635,0,0,0,0,2,1,Very Many
2636,0,1,1,0,2,0,Moderate
2637,1,0,0,0,1,0,Many
2638,0,1,0,1,1,0,Very Many
2639,0,0,0,0,1,1,Moderate
2640,1,1,1,0,4,0,Moderate
2641,0,0,1,1,3,0,Very Many
2642,0,0,0,0,2,0,Very Few
2643,1,1,0,1,3,0,Very Many
2644,0,0,1,0,0,0,Moderate
2645,1,0,0,0,2,0,Very Many
2646,1,0,0,0,1,1,Very Many
2647,1,0,0,0,1,0,Very Many
2648,1,1,0,0,3,0,Few
2649,0,0,0,1,1,0,Very Many
2650,0,1,0,1,3,0,Moderate
2651,1,0,0,0,2,0,Very Few
2652,0,0,0,0,0,0,Few
2653,0,1,0,0,3,0,Very Many
2654,1,0,0,0,2,1,Many
2655,0,1,0,0,2,0,Very Many
2656,0,0,0,0,1,0,Few
2657,0,0,0,0,0,0,Very Many
2658,0,0,1,0,4,0,Few
2659,0,0,0,0,2,0,Very Few
2660,1,0,0,0,0,0,Very Many
2661,1,0,0,0,3,1,Few
2662,1,0,0,1,1,0,Very Many
2663,0,0,1,0,1,0,Very Many
2664,0,0,0,0,1,1,Few
2665,0,0,0,1,2,0,Very Many
2666,0,0,0,0,0,1,Very Many
2667,0,0,0,1,2,0,Very Many
2668,0,0,1,0,3,0,Moderate
2669,0,0,0,1,1,0,Few
2670,0,0,0,0,2,1,Moderate
2671,1,0,1,0,2,1,Very Many
2672,0,1,0,0,2,0,Very Many
2673,1,0,0,0,4,0,Many
2674,0,0,0,0,2,0,Moderate
2675,0,1,0,0,0,0,Very Many
2676,0,0,1,0,2,0,Many
2677,0,0,0,0,1,0,Moderate
2678,0,1,1,0,3,0,Few
2679,0,0,0,0,0,0,Very Many
2680,1,1,0,1,1,0,Few
2681,0,1,0,0,2,1,Very Many
2682,0,0,0,0,1,1,Few
2683,0,1,0,0,2,0,Very Few
2684,0,1,0,0,1,1,Moderate
2685,1,0,1,0,4,0,Moderate
2686,0,1,0,0,1,1,Very Many
2687,0,0,0,0,4,0,Very Many
2688,0,0,1,0,2,0,Few
2689,1,0,1,1,3,1,Few
2690,0,0,0,1,1,0,Moderate
2691,1,0,1,0,3,1,Few
2692,0,0,0,1,2,1,Moderate
2693,1,0,0,0,2,1,Very Few
2694,1,0,1,0,3,0,Moderate
2695,1,0,0,0,2,0,Very Few
2696,0,0,1,0,2,0,Few
2697,0,0,1,1,0,1,Few
2698,0,1,0,0,1,0,Few
2699,0,0,0,0,2,0,Few
2700,0,0,0,0,0,0,Very Many
2701,1,0,0,0,1,0,Very Few
2702,0,0,0,0,1,0,Very Many
2703,0,0,0,0,1,0,Very Many
2704,1,1,1,0,2,1,Moderate
2705,0,1,1,0,2,0,Few
2706,1,0,0,0,4,1,Very Few
2707,1,0,0,0,2,0,Few
2708,1,0,0,0,4,0,Many
2709,1,0,0,0,3,0,Very Few
2710,0,0,1,1,4,0,Moderate
2711,0,0,0,0,3,0,Many
2712,0,0,0,0,3,1,Very Many
2713,0,0,1,0,2,0,Moderate
2714,0,1,1,0,1,0,Moderate
2715,1,0,0,0,1,0,Very Many
2716,0,1,0,0,4,1,Very Many
2717,0,0,1,1,4,0,Many
2718,1,0,0,1,3,0,Very Many
2719,0,0,0,0,3,0,Many
2720,0,1,0,1,4,1,Very Many
2721,0,1,0,1,2,0,Very Many
2722,1,0,0,0,3,0,Very Many
2723,1,0,0,0,2,0,Many
2724,1,0,0,0,2,1,Very Many
2725,0,0,0,0,0,0,Very Many
2726,1,0,0,0,2,1,Many
2727,0,0,0,0,3,0,Very Many
2728,0,0,0,0,2,0,Many
2729,0,0,0,1,3,0,Many
2730,0,0,1,0,2,1,Very Many
2731,0,0,0,0,1,0,Many
2732,1,0,0,0,3,1,Very Few
2733,0,0,0,0,3,0,Many
2734,0,1,1,0,1,1,Few
2735,0,0,0,0,2,0,Very Many
2736,0,0,0,0,2,0,Very Many
2737,0,0,0,1,4,0,Moderate
2738,1,1,0,0,3,0,Very Few
2739,1,0,0,0,1,0,Very Many
2740,1,1,0,0,2,0,Many
2741,1,0,0,0,3,0,Moderate
2742,0,0,0,1,3,0,Very Many
2743,1,0,0,0,3,0,Very Many
2744,0,0,0,0,1,0,Few
2745,0,0,0,0,3,0,Few
2746,0,0,0,0,3,0,Moderate
2747,0,0,0,0,3,0,Few
2748,0,0,0,0,2,0,Moderate
2749,0,0,0,0,3,1,Very Many
2750,0,0,1,0,3,1,Many
2751,1,0,0,0,3,0,Few
2752,0,0,0,0,2,0,Many
2753,0,0,0,1,1,0,Many
2754,1,0,0,1,2,0,Many
2755,0,0,0,0,2,0,Many
2756,1,0,0,0,2,0,Many
2757,1,0,0,0,2,0,Very Few
2758,0,0,1,0,2,0,Very Few
2759,0,0,0,0,3,0,Very Many
2760,0,1,0,0,1,0,Very Many
2761,0,0,0,0,2,0,Moderate
2762,0,0,0,0,3,0,Very Many
2763,0,1,0,1,2,0,Very Few
2764,0,0,0,1,2,1,Moderate
2765,0,1,0,0,2,1,Very Many
2766,0,0,1,0,2,0,Few
2767,1,0,0,0,1,0,Very Many
2768,0,0,0,0,2,0,Very Many
2769,1,1,1,1,4,0,Very Many
2770,0,0,0,1,2,0,Many
2771,1,0,0,0,0,0,Very Few
2772,0,0,0,0,3,0,Many
2773,0,0,0,0,2,0,Very Many
2774,0,0,0,0,1,1,Very Many
2775,0,0,0,1,3,1,Few
2776,0,0,1,0,1,0,Very Many
2777,0,0,0,0,4,0,Moderate
2778,0,1,0,0,2,0,Very Many
2779,0,0,1,0,3,1,Few
2780,0,1,0,0,2,1,Very Many
2781,0,0,1,0,1,1,Very Many
2782,0,0,0,0,3,0,Few
2783,1,0,1,0,4,1,Moderate
2784,0,0,0,0,3,0,Very Many
2785,1,0,1,0,3,1,Very Many
2786,0,1,0,1,4,1,Many
2787,0,0,0,0,1,0,Very Many
2788,0,0,0,0,0,0,Very Many
2789,0,0,0,0,0,1,Very Many
2790,1,0,0,0,3,0,Very Many
2791,0,0,0,0,3,0,Many
2792,1,1,0,0,3,0,Moderate
2793,0,0,0,1,4,0,Few
2794,0,0,0,0,3,0,Moderate
2795,0,0,0,0,2,0,Few
2796,0,0,0,0,1,0,Very Few
2797,0,1,0,0,4,0,Very Few
2798,0,0,1,1,1,0,Very Few
2799,0,0,0,0,2,0,Very Many
2800,1,1,0,0,2,0,Few
2801,0,0,0,0,1,0,Moderate
2802,1,0,0,0,3,0,Few
2803,0,0,0,0,1,1,Very Many
2804,0,0,0,0,4,0,Moderate
2805,1,0,0,0,2,1,Very Many
2806,1,0,1,0,3,0,Very Many
2807,0,1,0,0,3,1,Few
2808,0,0,0,0,3,0,Moderate
2809,0,0,0,0,4,0,Few
2810,1,0,0,0,1,0,Very Many
2811,0,0,0,0,0,0,Few
2812,1,0,0,0,0,0,Very Few
2813,0,1,0,0,3,0,Moderate
2814,0,0,1,0,4,0,Very Many
2815,1,0,0,0,2,1,Very Many
2816,1,0,0,0,3,0,Many
2817,0,1,0,0,0,0,Very Few
2818,1,0,0,0,1,0,Very Few
2819,1,0,0,0,3,0,Very Many
2820,1,0,0,0,0,1,Moderate
2821,1,1,0,0,2,1,Very Many
2822,0,1,0,0,3,1,Very Many
2823,1,1,1,1,3,1,Very Many
2824,1,1,0,0,2,0,Very Many
2825,0,0,1,1,3,0,Few
2826,0,0,0,0,2,0,Very Many
2827,0,0,0,0,0,1,Very Many
2828,1,0,0,0,3,1,Few
2829,1,0,0,1,1,0,Few
2830,0,1,0,0,0,0,Moderate
2831,0,0,0,1,2,1,Many
2832,0,0,0,0,3,0,Many
2833,0,1,0,0,1,1,Very Many
2834,0,0,0,1,0,0,Many
2835,0,0,0,1,1,0,Few
2836,1,0,0,0,2,0,Very Many
2837,0,0,0,0,2,0,Very Many
2838,1,1,0,0,1,0,Many
2839,0,0,0,0,3,0,Few
2840,1,1,0,0,3,1,Many
2841,0,0,0,0,3,0,Many
2842,1,0,0,0,2,1,Very Many
2843,0,0,1,0,2,0,Very Many
2844,0,0,0,0,2,1,Very Few
2845,0,0,0,0,2,0,Very Many
2846,0,0,0,0,0,0,Few
2847,1,0,0,1,3,0,Moderate
2848,0,0,0,0,2,0,Moderate
2849,1,0,0,0,1,1,Many
2850,0,0,0,1,1,0,Many
2851,1,0,1,0,1,0,Many
2852,0,0,0,0,4,1,Many
2853,0,1,0,1,1,0,Few
2854,0,1,0,0,3,1,Very Few
2855,1,1,0,1,2,0,Very Many
2856,0,1,0,0,3,1,Very Few
2857,0,0,0,0,2,0,Very Many
2858,0,0,0,0,4,1,Very Many
2859,0,1,1,0,1,0,Few
2860,0,0,1,1,2,0,Very Many
2861,0,0,0,0,1,0,Many
2862,1,1,0,0,2,0,Moderate
2863,1,0,1,0,2,0,Very Many
2864,1,0,0,0,3,0,Moderate
2865,0,0,0,0,2,0,Many
2866,0,0,1,0,0,1,Many
2867,1,1,0,0,3,0,Very Many
2868,0,0,0,1,2,1,Very Many
2869,0,1,1,0,1,0,Very Many
2870,1,1,1,0,4,0,Very Many
2871,0,0,0,0,4,1,Few
2872,0,0,0,0,3,1,Very Few
2873,0,0,0,0,3,0,Moderate
2874,0,1,0,0,0,0,Very Many
2875,0,0,0,0,4,0,Very Many
2876,0,1,0,0,2,0,Moderate
2877,0,0,1,1,1,0,Very Few
2878,1,0,1,0,3,0,Very Few
2879,0,1,0,0,1,0,Very Many
2880,1,0,0,0,2,0,Many
2881,0,0,0,0,1,1,Many
2882,1,0,1,0,2,1,Few
2883,1,1,0,1,2,0,Very Few
2884,1,1,1,0,2,0,Very Many
2885,1,1,0,1,0,0,Few
2886,0,0,0,0,2,1,Very Many
2887,0,0,1,0,2,0,Moderate
2888,0,0,0,0,1,0,Few
2889,0,0,0,1,4,0,Few
2890,0,0,0,0,2,0,Many
2891,0,0,1,1,3,0,Few
2892,0,0,0,0,1,1,Moderate
2893,1,1,0,0,2,0,Moderate
2894,1,1,0,0,1,0,Very Many
2895,0,1,0,0,2,0,Many
2896,0,0,0,0,1,0,Very Few
2897,1,0,0,0,2,0,Very Many
2898,0,0,1,1,2,0,Moderate
2899,0,0,0,0,1,0,Very Many
2900,0,0,0,1,3,1,Few
2901,0,1,0,0,4,1,Very Few
2902,0,0,0,0,1,0,Few
2903,1,0,0,0,3,1,Very Few
2904,0,0,0,0,3,1,Very Many
2905,0,0,1,0,2,0,Very Many
2906,1,0,0,1,3,0,Moderate
2907,1,0,0,0,4,0,Moderate
2908,0,0,0,1,2,0,Very Many
2909,1,0,0,1,3,1,Very Many
2910,1,0,0,0,3,0,Moderate
2911,1,0,1,0,2,0,Moderate
2912,1,0,0,0,2,0,Many
2913,1,0,0,0,4,0,Few
2914,0,1,0,0,3,0,Many
2915,1,0,0,0,1,0,Very Few
2916,1,0,1,0,1,0,Moderate
2917,0,1,0,0,4,1,Few
2918,0,0,0,0,0,1,Few
2919,1,1,0,0,3,1,Few
2920,1,1,0,0,1,1,Very Few
2921,0,0,0,1,0,1,Many
2922,0,1,0,0,0,0,Many
2923,1,0,0,0,2,0,Moderate
2924,0,0,0,1,0,0,Very Few
2925,0,1,0,0,2,0,Few
2926,0,1,0,0,3,0,Moderate
2927,0,0,1,0,2,1,Many
2928,1,0,0,1,3,0,Very Many
2929,0,0,0,1,2,0,Few
2930,0,0,0,0,2,0,Very Few
2931,0,0,1,0,2,0,Very Many
2932,0,1,0,0,2,1,Moderate
2933,1,0,0,0,4,0,Few
2934,0,0,0,0,3,0,Very Many
2935,0,0,0,0,2,0,Few
2936,0,0,0,0,3,1,Very Few
2937,0,0,0,0,2,0,Many
2938,1,0,0,0,1,0,Very Few
2939,0,1,0,0,2,1,Very Few
2940,1,0,0,0,3,0,Very Many
2941,0,0,0,1,2,0,Very Many
2942,0,1,0,0,3,0,Few
2943,1,0,0,0,2,1,Few
2944,1,0,0,0,2,0,Moderate
2945,1,1,1,0,4,0,Very Many
2946,0,0,0,0,2,0,Very Many
2947,0,0,0,0,3,0,Very Many
2948,1,1,1,0,3,0,Very Many
2949,0,1,1,0,4,0,Many
2950,1,0,0,0,0,0,Very Few
2951,1,0,1,1,1,0,Very Few
2952,1,0,0,0,3,0,Very Many
2953,1,0,0,0,2,0,Very Few
2954,0,0,0,0,2,0,Few
2955,1,1,0,0,1,0,Moderate
2956,0,0,0,1,1,0,Few
2957,0,0,0,0,2,1,Many
2958,0,0,0,0,1,0,Few
2959,0,1,0,0,1,0,Very Many
2960,1,0,1,1,0,0,Very Few
2961,1,0,0,0,1,0,Moderate
2962,0,1,0,0,3,1,Many
2963,0,0,0,0,3,0,Moderate
2964,1,0,0,1,0,0,Very Few
2965,1,0,0,0,1,0,Moderate
2966,1,1,0,0,2,0,Very Many
2967,1,1,0,0,2,0,Moderate
2968,1,0,1,0,3,0,Very Many
2969,0,0,0,0,3,1,Moderate
2970,1,0,0,0,3,1,Moderate
2971,1,0,0,0,2,0,Many
2972,1,1,0,1,2,0,Very Many
2973,0,0,0,0,3,1,Very Many
2974,1,1,0,0,0,0,Moderate
2975,0,0,0,0,0,0,Many
2976,0,1,1,0,0,1,Very Many
2977,1,1,0,0,2,0,Few
2978,0,0,0,0,1,0,Very Few
2979,0,0,1,0,1,0,Very Few
2980,1,0,0,0,3,0,Moderate
2981,1,1,1,1,4,1,Very Many
2982,1,0,1,0,1,0,Many
2983,0,1,1,0,2,1,Very Many
2984,1,0,0,0,1,0,Very Many
2985,0,0,0,0,4,0,Very Many
2986,1,0,0,1,1,0,Very Few
2987,0,1,0,0,3,0,Many
2988,1,0,0,0,1,0,Many
2989,0,0,0,0,3,0,Very Many
2990,1,1,0,0,1,1,Very Few
2991,0,1,0,0,1,1,Very Few
2992,1,1,1,0,1,0,Moderate
2993,0,0,0,0,1,0,Few
2994,1,0,0,0,3,1,Very Many
2995,0,0,0,0,3,0,Few
2996,0,1,0,0,2,0,Very Many
2997,1,0,0,0,4,1,Many
2998,1,0,0,0,2,0,Many
2999,0,1,0,0,4,0,Moderate
3000,0,0,1,0,1,0,Few
3001,1,0,1,0,4,0,Very Many
3002,1,0,0,1,0,0,Many
3003,0,0,0,0,2,0,Very Many
3004,1,0,0,0,2,1,Very Many
3005,1,1,0,0,2,0,Very Many
3006,0,1,0,1,2,0,Moderate
3007,0,0,1,0,2,0,Many
3008,1,0,0,0,4,1,Very Many
3009,1,0,0,0,4,1,Moderate
3010,1,1,0,0,4,1,Moderate
3011,0,0,1,0,4,0,Moderate
3012,0,1,0,0,3,1,Very Few
3013,0,1,0,0,4,0,Many
3014,1,0,0,0,3,0,Very Few
3015,0,0,1,0,2,0,Very Few
3016,0,0,0,0,3,0,Many
3017,0,0,0,0,4,1,Very Many
3018,0,0,0,0,3,0,Very Many
3019,0,0,0,0,2,0,Few
3020,0,0,0,1,0,0,Very Many
3021,1,0,1,0,3,0,Very Many
3022,0,0,0,0,4,0,Few
3023,0,0,0,0,2,0,Very Few
3024,0,0,0,0,1,0,Moderate
3025,0,1,1,0,2,0,Moderate
3026,0,1,1,0,2,1,Very Few
3027,0,0,0,0,2,1,Many
3028,0,0,0,0,3,1,Very Many
3029,1,0,0,1,4,1,Very Few
3030,0,0,0,0,3,0,Few
3031,0,0,0,0,2,1,Very Many
3032,1,1,0,0,4,0,Many
3033,0,0,0,0,2,1,Very Many
3034,1,0,0,0,1,0,Very Many
3035,0,1,0,0,2,1,Very Many
3036,0,0,1,0,3,0,Many
3037,0,0,0,0,3,0,Very Many
3038,1,1,0,0,4,0,Few
3039,0,0,0,0,2,0,Moderate
3040,0,0,0,0,1,1,Many
3041,0,1,0,0,0,0,Very Many
3042,0,1,0,0,3,0,Many
3043,1,1,0,0,3,1,Very Many
3044,0,1,0,0,2,0,Very Few
3045,1,0,0,0,2,0,Very Many
3046,0,1,0,0,4,0,Very Few
3047,1,1,0,0,4,0,Few
3048,0,1,0,0,1,1,Very Many
3049,1,1,0,0,3,1,Few
3050,0,0,1,0,3,1,Moderate
3051,1,1,1,0,1,0,Very Many
3052,1,0,0,0,2,0,Few
3053,0,0,0,0,1,0,Very Many
3054,1,0,0,0,1,1,Very Few
3055,1,1,0,0,3,0,Moderate
3056,1,0,0,1,2,0,Many
3057,0,1,0,0,2,0,Very Many
3058,0,0,0,0,2,0,Many
3059,1,0,0,0,0,1,Moderate
3060,0,0,0,1,3,0,Few
3061,0,0,0,1,2,0,Very Many
3062,1,1,0,0,2,0,Very Many
3063,0,0,0,0,4,1,Very Many
3064,0,0,1,0,2,0,Very Many
3065,0,0,0,0,3,0,Moderate
3066,1,0,0,0,2,0,Very Many
3067,1,0,0,0,3,0,Very Many
3068,1,0,0,0,3,1,Few
3069,1,0,0,0,1,0,Many
3070,0,0,1,0,3,1,Very Many
3071,0,0,0,1,0,0,Moderate
3072,0,1,1,0,4,1,Very Few
3073,0,1,1,0,2,1,Many
3074,0,0,0,0,3,0,Moderate
3075,1,0,0,1,2,0,Very Many
3076,1,0,1,0,3,0,Few
3077,0,0,0,0,4,0,Few
3078,1,0,0,0,3,0,Many
3079,1,0,0,0,1,0,Few
3080,1,0,0,0,2,1,Very Many
3081,0,1,0,0,2,0,Very Many
3082,0,1,0,0,2,1,Few
3083,0,0,1,0,2,0,Very Many
3084,0,0,0,0,2,0,Very Many
3085,0,0,1,0,2,1,Few
3086,1,0,0,0,1,0,Many
3087,0,0,0,0,2,0,Few
3088,0,1,1,0,1,1,Very Many
3089,0,1,0,0,1,1,Very Many
3090,1,0,0,0,3,0,Very Many
3091,0,1,0,1,0,0,Many
3092,0,0,0,0,2,0,Many
3093,1,0,1,0,2,0,Few
3094,0,0,0,0,2,0,Moderate
3095,1,0,0,0,3,0,Few
3096,0,1,0,0,2,0,Few
3097,0,1,0,0,1,1,Very Many
3098,0,0,0,0,3,1,Many
3099,1,1,0,0,4,0,Many
3100,1,1,0,1,0,0,Moderate
3101,0,0,0,0,2,0,Few
3102,0,0,0,0,2,0,Few
3103,0,1,0,0,1,0,Few
3104,1,1,1,0,2,0,Few
3105,0,0,0,0,3,0,Very Many
3106,0,0,1,0,1,1,Few
3107,0,0,0,0,4,1,Very Many
3108,0,1,0,0,2,1,Moderate
3109,1,1,0,0,2,0,Few
3110,1,0,0,0,3,0,Few
3111,0,0,0,0,0,0,Very Many
3112,0,1,0,0,2,1,Many
3113,0,0,0,0,2,0,Many
3114,0,1,0,0,2,0,Many
3115,1,0,0,1,2,0,Very Many
3116,0,0,0,0,0,0,Very Few
3117,0,0,0,0,1,0,Very Many
3118,0,0,0,1,1,0,Few
3119,1,1,0,0,4,0,Many
3120,0,1,0,0,0,0,Moderate
3121,1,1,0,0,1,0,Many
3122,1,0,0,0,4,0,Very Many
3123,1,0,0,0,3,1,Very Many
3124,1,0,0,0,2,0,Very Many
3125,0,1,0,0,0,0,Very Many
3126,0,0,0,0,3,0,Few
3127,1,1,0,0,1,1,Very Few
3128,1,1,0,0,3,0,Very Few
3129,1,0,1,1,4,0,Very Many
3130,1,1,0,1,2,0,Moderate
3131,0,1,0,0,1,0,Many
3132,0,1,1,0,3,0,Few
3133,1,0,0,0,2,0,Very Many
3134,1,1,0,0,2,1,Very Many
3135,0,0,1,0,2,1,Very Many
3136,0,0,1,0,3,1,Moderate
3137,0,0,0,0,2,0,Very Many
3138,0,0,0,0,4,1,Very Many
3139,0,1,0,0,3,0,Very Many
3140,1,0,0,0,1,0,Moderate
3141,0,0,1,0,3,1,Very Many
3142,1,0,0,0,1,0,Very Few
3143,1,1,1,0,3,0,Very Many
3144,1,1,0,0,1,0,Very Few
3145,1,0,0,0,2,0,Many
3146,0,1,0,1,3,1,Very Few
3147,1,0,0,0,1,0,Very Few
3148,0,0,0,0,3,0,Many
3149,1,1,1,0,3,0,Few
3150,0,1,0,0,2,1,Very Many
3151,1,1,0,1,2,0,Many
3152,0,0,1,0,4,0,Very Many
3153,0,0,1,1,1,1,Very Few
3154,0,0,1,0,3,0,Many
3155,1,0,0,0,3,0,Few
3156,0,0,0,0,4,1,Moderate
3157,0,0,0,1,3,0,Very Few
3158,1,0,0,1,2,1,Very Few
3159,0,0,1,0,4,0,Many
3160,0,0,0,0,3,1,Many
3161,0,1,0,0,3,1,Few
3162,0,0,0,0,0,0,Many
3163,1,1,1,0,2,0,Moderate
3164,0,0,1,0,3,1,Few
3165,1,0,0,0,2,0,Very Many
3166,0,0,0,0,2,0,Few
3167,1,0,0,0,1,0,Few
3168,1,0,0,0,2,1,Many
3169,1,1,0,1,1,1,Many
3170,0,0,0,0,1,0,Very Many
3171,0,0,0,0,2,0,Very Many
3172,0,0,0,0,3,1,Very Many
3173,1,1,0,0,2,1,Moderate
3174,0,0,1,0,1,0,Moderate
3175,1,1,1,0,1,1,Moderate
3176,0,0,1,0,2,1,Very Many
3177,0,0,1,0,3,0,Very Few
3178,0,0,0,1,3,1,Very Few
3179,0,1,0,0,1,0,Moderate
3180,1,1,0,0,2,0,Moderate
3181,0,0,0,0,3,0,Many
3182,0,0,0,0,1,1,Moderate
3183,0,0,0,0,2,1,Very Many
3184,1,0,0,0,2,0,Very Few
3185,0,0,0,1,1,0,Few
3186,0,1,0,0,0,0,Very Many
3187,1,1,0,0,2,1,Many
3188,0,0,0,0,0,1,Few
3189,0,1,0,0,1,0,Few
3190,0,1,0,0,2,0,Very Many
3191,1,0,0,0,0,0,Very Many
3192,1,0,0,0,2,0,Very Few
3193,1,1,0,0,1,0,Very Many
3194,1,0,0,0,2,1,Very Many
3195,1,0,0,0,3,0,Very Many
3196,0,1,1,0,3,0,Few
3197,0,0,0,0,2,0,Very Few
3198,0,1,0,0,0,0,Very Few
3199,0,0,0,0,3,0,Very Few
3200,1,0,0,0,1,0,Few
3201,1,0,1,0,0,0,Few
3202,0,0,0,0,3,1,Many
3203,0,0,0,0,4,0,Very Few
3204,1,0,0,0,2,1,Very Few
3205,0,1,0,0,0,0,Very Many
3206,0,0,0,0,3,0,Very Many
3207,1,0,0,0,0,0,Moderate
3208,0,0,0,0,3,1,Many
3209,1,0,0,1,2,0,Very Many
3210,1,0,0,0,2,0,Very Many
3211,0,0,0,1,2,1,Many
3212,0,1,0,0,4,0,Moderate
3213,1,0,0,0,3,1,Very Many
3214,0,1,1,0,2,0,Moderate
3215,0,0,0,0,3,0,Many
3216,1,0,0,0,2,0,Many
3217,0,0,0,0,3,1,Many
3218,0,1,0,0,3,0,Very Few
3219,0,0,0,0,0,0,Moderate
3220,0,0,0,0,2,0,Very Many
3221,0,0,0,0,4,0,Very Many
3222,0,1,1,1,4,1,Many
3223,0,1,0,0,0,0,Very Few
3224,0,0,0,0,1,0,Few
3225,1,0,0,1,4,0,Few
3226,1,1,0,0,2,0,Very Many
3227,0,1,0,0,2,0,Very Many
3228,0,0,0,0,1,0,Few
3229,1,1,0,0,3,1,Many
3230,1,0,0,1,1,1,Few
3231,1,0,0,0,1,0,Moderate
3232,1,0,0,0,1,1,Very Many
3233,0,0,0,0,4,0,Few
3234,0,0,1,0,3,0,Many
3235,1,0,1,0,3,0,Few
3236,1,0,0,0,2,0,Very Many
3237,0,0,1,0,4,0,Very Many
3238,0,0,0,0,3,1,Very Many
3239,0,0,0,0,3,1,Few
3240,0,1,0,0,4,0,Few
3241,0,0,0,0,2,0,Few
3242,1,0,0,0,3,1,Many
3243,1,0,0,0,4,0,Very Many
3244,1,1,0,1,3,0,Many
3245,1,0,0,0,2,0,Very Few
3246,0,0,0,0,0,0,Many
3247,1,1,1,0,3,0,Very Many
3248,1,0,1,0,2,1,Very Many
3249,0,0,1,0,1,1,Very Many
3250,1,0,1,0,3,0,Very Many
3251,0,1,0,0,2,1,Moderate
3252,1,0,0,0,2,0,Many
3253,0,1,0,0,3,0,Very Many
3254,0,0,1,0,2,1,Very Many
3255,0,1,0,1,0,0,Many
3256,0,0,0,0,2,0,Moderate
3257,0,0,0,0,0,0,Few
3258,0,0,0,0,1,1,Very Many
3259,0,0,0,0,0,1,Very Many
3260,0,0,0,0,1,1,Few
3261,0,1,0,1,2,0,Few
3262,1,0,0,0,2,1,Moderate
3263,1,0,1,0,4,0,Many
3264,1,0,0,0,2,1,Many
3265,1,0,0,0,3,0,Very Many
3266,0,1,1,0,2,0,Few
3267,0,0,0,0,3,0,Many
3268,0,0,0,0,3,1,Very Few
3269,1,0,0,0,2,1,Very Few
3270,1,0,0,0,1,0,Very Many
3271,0,0,0,1,2,0,Few
3272,0,0,0,0,3,1,Very Many
3273,1,1,0,0,2,0,Very Few
3274,0,1,0,0,3,1,Very Many
3275,0,1,0,0,1,1,Very Many
3276,1,1,0,0,0,0,Many
3277,0,0,0,0,2,0,Very Many
3278,1,0,0,1,3,0,Very Few
3279,0,1,0,0,2,0,Very Few
3280,1,1,0,0,3,0,Moderate
3281,1,0,1,0,1,1,Very Few
3282,0,0,0,0,2,0,Very Many
3283,1,0,0,0,3,0,Many
3284,1,0,0,0,3,0,Few
3285,1,0,0,0,1,0,Moderate
3286,0,1,1,1,2,1,Moderate
3287,0,0,0,0,3,0,Very Many
3288,0,0,0,0,0,0,Many
3289,1,0,1,0,3,1,Many
3290,1,0,0,1,2,0,Moderate
3291,0,0,0,0,1,0,Moderate
3292,0,1,0,0,3,0,Few
3293,1,1,0,1,1,1,Moderate
3294,0,1,0,0,4,0,Very Few
3295,0,0,0,0,3,1,Very Many
3296,0,0,0,0,3,1,Very Few
3297,0,1,0,0,0,0,Few
3298,1,0,0,0,4,0,Moderate
3299,0,1,0,1,3,0,Moderate
3300,0,1,0,1,1,0,Very Many
3301,1,0,0,0,2,1,Very Many
3302,0,0,0,0,1,0,Few
3303,0,0,0,0,4,0,Very Many
3304,1,0,0,0,3,1,Moderate
3305,1,0,0,0,4,0,Few
3306,0,1,0,0,3,0,Many
3307,0,1,0,0,2,0,Very Many
3308,0,0,1,0,1,0,Very Many
3309,1,0,0,1,1,1,Few
3310,0,0,0,0,1,0,Very Many
3311,0,0,0,0,2,0,Very Many
3312,0,0,0,1,4,0,Few
3313,1,0,0,1,4,0,Very Many
3314,0,0,0,0,1,0,Very Few
3315,0,0,1,0,3,0,Few
3316,0,0,0,0,2,1,Moderate
3317,0,0,0,0,2,1,Very Few
3318,1,0,0,0,3,0,Very Many
3319,1,0,1,1,2,0,Few
3320,1,0,1,1,4,0,Very Few
3321,1,1,0,0,3,0,Very Many
3322,0,1,0,0,3,0,Very Many
3323,1,0,0,0,1,0,Very Many
3324,0,0,0,0,1,0,Few
3325,0,0,0,0,2,0,Very Many
3326,1,0,0,1,3,1,Moderate
3327,1,1,0,0,4,0,Very Few
3328,1,0,0,0,2,1,Many
3329,1,0,0,0,3,0,Very Many
3330,1,0,0,0,2,0,Very Many
3331,0,1,0,1,1,1,Very Many
3332,1,1,0,0,3,0,Few
3333,1,0,0,0,3,1,Many
3334,1,1,0,1,1,0,Moderate
3335,1,0,0,0,2,0,Few
3336,0,0,0,0,2,0,Moderate
3337,1,0,0,0,1,0,Few
3338,0,0,1,0,4,1,Very Many
3339,1,0,1,0,2,1,Very Few
3340,0,1,0,0,1,1,Moderate
3341,0,1,0,0,1,0,Many
3342,0,0,0,0,4,0,Moderate
3343,0,0,0,1,3,0,Many
3344,0,0,0,0,3,0,Few
3345,0,0,0,1,0,1,Very Few
3346,0,1,0,0,3,0,Very Few
3347,0,0,1,0,2,0,Many
3348,0,0,1,0,3,0,Very Few
3349,0,0,1,0,4,1,Moderate
3350,1,0,0,0,1,1,Very Many
3351,0,0,1,0,2,0,Very Many
3352,0,1,0,0,0,0,Very Few
3353,0,1,0,1,2,0,Very Few
3354,0,0,0,0,1,0,Very Many
3355,1,1,0,0,4,1,Very Few
3356,0,1,1,0,2,0,Very Many
3357,0,0,0,0,3,0,Very Many
3358,0,0,0,1,3,0,Moderate
3359,1,0,0,0,4,0,Very Few
3360,1,0,1,0,2,1,Moderate
3361,0,0,0,0,2,0,Very Many
3362,0,0,0,0,0,0,Few
3363,0,0,0,0,0,1,Many
3364,1,0,0,0,3,0,Few
3365,0,0,0,0,0,1,Very Few
3366,0,0,0,0,2,0,Very Few
3367,0,0,0,0,0,0,Many
3368,0,0,1,0,3,0,Many
3369,0,0,1,1,2,0,Very Few
3370,0,0,0,1,1,0,Many
3371,0,1,0,1,1,0,Very Many
3372,0,0,0,1,2,0,Few
3373,0,0,0,0,3,0,Many
3374,0,0,0,0,2,0,Very Many
3375,1,0,0,0,3,1,Few
3376,1,0,1,1,1,0,Very Many
3377,1,0,0,0,0,0,Very Few
3378,1,1,0,0,0,1,Few
3379,0,0,1,1,2,0,Very Many
3380,0,0,0,0,3,0,Moderate
3381,1,1,0,0,1,0,Few
3382,0,0,0,0,3,0,Few
3383,0,0,0,0,2,0,Very Many
3384,0,0,0,0,4,1,Many
3385,0,1,0,0,3,1,Moderate
3386,1,1,0,0,3,0,Very Many
3387,0,0,0,0,2,0,Moderate
3388,1,0,0,0,4,0,Very Few
3389,0,1,0,0,4,1,Very Few
3390,0,0,0,1,2,0,Very Many
3391,0,1,1,0,2,0,Many
3392,0,0,0,1,2,0,Moderate
